iso_code,Country_name,period,total_cases,total_cases_per_million,total_deaths,total_deaths_per_million,new_cases,new_cases_per_million,new_deaths,new_deaths_per_million,stringency_index
ABW,Aruba,2020,5489.0,51205.747,49.0,457.111,5489.0,51205.75300000002,49.0,457.12000000000023,53.86010204081639
ABW,Aruba,2020Q1,55.0,513.084,0.0,0.0,55.0,513.084,0.0,0.0,39.17947368421053
ABW,Aruba,2020Q2,103.0,960.866,3.0,27.986,48.0,447.78400000000005,3.0,27.987000000000002,70.07659340659347
ABW,Aruba,2020Q3,3963.0,36970.008,27.0,251.877,3860.0,36009.147,24.0,223.89600000000007,55.60543478260873
ABW,Aruba,2020Q4,5489.0,51205.747,49.0,457.111,1526.0,14235.737999999996,22.0,205.23700000000008,39.106413043478234
AFG,Afghanistan,2020,52330.0,1313.655,2189.0,54.951,52330.0,1313.6609999999998,2189.0,54.938000000000024,47.62644230769253
AFG,Afghanistan,2020Q1,166.0,4.167,4.0,0.1,166.0,4.168,4.0,0.1,35.561351351351334
AFG,Afghanistan,2020Q2,31445.0,789.373,739.0,18.551,31279.0,785.2080000000002,735.0,18.447000000000006,81.75538461538467
AFG,Afghanistan,2020Q3,39354.0,987.915,1462.0,36.701,7909.0,198.54399999999995,723.0,18.146000000000004,52.858369565217444
AFG,Afghanistan,2020Q4,52330.0,1313.655,2189.0,54.951,12976.0,325.741,727.0,18.244999999999997,13.48880434782607
AGO,Angola,2020,17553.0,517.275,405.0,11.935,17553.0,517.2739999999997,405.0,11.898999999999988,73.36564459930317
AGO,Angola,2020Q1,7.0,0.206,2.0,0.059,7.0,0.20400000000000001,2.0,0.059,49.844166666666666
AGO,Angola,2020Q2,284.0,8.369,13.0,0.383,277.0,8.156,11.0,0.32,80.78021978021974
AGO,Angola,2020Q3,4972.0,146.521,183.0,5.393,4688.0,138.156,170.0,4.993000000000002,77.543043478261
AGO,Angola,2020Q4,17553.0,517.275,405.0,11.935,12581.0,370.7579999999997,222.0,6.527000000000002,64.92228260869558
AIA,Anguilla,2020,13.0,859.504,0.0,0.0,13.0,859.5049999999999,0.0,0.0,0.0
AIA,Anguilla,2020Q1,2.0,132.231,0.0,0.0,2.0,132.231,0.0,0.0,0.0
AIA,Anguilla,2020Q2,3.0,198.347,0.0,0.0,1.0,66.116,0.0,0.0,0.0
AIA,Anguilla,2020Q3,3.0,198.347,0.0,0.0,0.0,0.0,0.0,0.0,0.0
AIA,Anguilla,2020Q4,13.0,859.504,0.0,0.0,10.0,661.1579999999999,0.0,0.0,0.0
ALB,Albania,2020,58316.0,20298.413,1181.0,411.078,58316.0,20298.41199999999,1181.0,411.0430000000001,64.7608360128617
ALB,Albania,2020Q1,243.0,84.583,15.0,5.221,243.0,84.58099999999999,15.0,5.219999999999999,51.59305555555555
ALB,Albania,2020Q2,2535.0,882.373,62.0,21.581,2292.0,797.7899999999998,47.0,16.356,81.58241758241762
ALB,Albania,2020Q3,13649.0,4750.892,387.0,134.705,11114.0,3868.5199999999995,325.0,113.09999999999987,58.91684782608697
ALB,Albania,2020Q4,58316.0,20298.413,1181.0,411.078,44667.0,15547.521,794.0,276.36699999999985,59.118695652173784
ARE,United Arab Emirates,2020,207822.0,20800.748,669.0,66.96,207822.0,20800.752,669.0,66.92300000000013,54.535414201183166
ARE,United Arab Emirates,2020Q1,664.0,66.459,6.0,0.601,664.0,66.458,6.0,0.6,23.34015873015873
ARE,United Arab Emirates,2020Q2,48667.0,4871.044,315.0,31.528,48003.0,4804.591999999998,309.0,30.919000000000008,78.04120879120889
ARE,United Arab Emirates,2020Q3,94190.0,9427.406,419.0,41.937,45523.0,4556.362,104.0,10.399999999999995,56.35989130434787
ARE,United Arab Emirates,2020Q4,207822.0,20800.748,669.0,66.96,113632.0,11373.340000000002,250.0,25.003999999999994,50.822608695652214
ARG,Argentina,2020,1625514.0,35642.685,43245.0,948.234,1625514.0,35642.693,43245.0,948.224,71.36551912568252
ARG,Argentina,2020Q1,1054.0,23.111,27.0,0.592,1054.0,23.114,27.0,0.594,22.2523076923077
ARG,Argentina,2020Q2,64530.0,1414.951,1307.0,28.659,63476.0,1391.841,1280.0,28.059999999999995,92.59285714285713
ARG,Argentina,2020Q3,751001.0,16467.217,16937.0,371.378,686471.0,15052.267,15630.0,342.71700000000004,89.37967391304346
ARG,Argentina,2020Q4,1625514.0,35642.685,43245.0,948.234,874513.0,19175.471,26308.0,576.8529999999996,80.93413043478265
ARM,Armenia,2020,159409.0,53706.916,2823.0,951.105,159409.0,53706.92900000001,2823.0,951.1109999999998,0.0
ARM,Armenia,2020Q1,532.0,179.238,3.0,1.011,532.0,179.23900000000003,3.0,1.0110000000000001,0.0
ARM,Armenia,2020Q2,25542.0,8605.424,443.0,149.252,25010.0,8426.190999999999,440.0,148.24399999999997,0.0
ARM,Armenia,2020Q3,50359.0,16966.586,959.0,323.099,24817.0,8361.165,516.0,173.85199999999998,0.0
ARM,Armenia,2020Q4,159409.0,53706.916,2823.0,951.105,109050.0,36740.33399999998,1864.0,628.0039999999999,0.0
ATG,Antigua and Barbuda,2020,159.0,1610.485,5.0,50.644,159.0,1610.4949999999985,5.0,50.644999999999996,0.0
ATG,Antigua and Barbuda,2020Q1,7.0,70.902,0.0,0.0,7.0,70.902,0.0,0.0,0.0
ATG,Antigua and Barbuda,2020Q2,69.0,698.89,3.0,30.387,62.0,627.9889999999999,3.0,30.387,0.0
ATG,Antigua and Barbuda,2020Q3,101.0,1023.013,3.0,30.387,32.0,324.125,0.0,0.0,0.0
ATG,Antigua and Barbuda,2020Q4,159.0,1610.485,5.0,50.644,58.0,587.4790000000002,2.0,20.258,0.0
AUS,Australia,2020,28425.0,1102.248,909.0,35.249,28425.0,1102.2529999999965,909.0,35.26200000000005,59.93310850439857
AUS,Australia,2020Q1,4559.0,176.786,18.0,0.698,4559.0,176.786,18.0,0.7010000000000001,27.032272727272737
AUS,Australia,2020Q2,7920.0,307.117,104.0,4.033,3361.0,130.33200000000002,86.0,3.3390000000000013,64.52351648351653
AUS,Australia,2020Q3,27096.0,1050.712,888.0,34.434,19176.0,743.5980000000002,784.0,30.40499999999999,73.19739130434786
AUS,Australia,2020Q4,28425.0,1102.248,909.0,35.249,1329.0,51.53700000000002,21.0,0.8170000000000001,65.73108695652171
AUT,Austria,2020,360815.0,39899.605,6222.0,688.041,360815.0,39899.601000000024,6222.0,688.0449999999996,55.35292604501594
AUT,Austria,2020Q1,10180.0,1125.724,128.0,14.154,10180.0,1125.7259999999999,128.0,14.155,47.11833333333334
AUT,Austria,2020Q2,17766.0,1964.598,705.0,77.96,7586.0,838.8729999999996,577.0,63.80399999999988,63.135384615384645
AUT,Austria,2020Q3,44813.0,4955.506,799.0,88.355,27047.0,2990.904999999998,94.0,10.403000000000004,38.042173913043506
AUT,Austria,2020Q4,360815.0,39899.605,6222.0,688.041,316002.0,34944.097,5423.0,599.6829999999998,68.18804347826087
AZE,Azerbaijan,2020,218700.0,21392.218,2641.0,258.33,218700.0,21392.221000000005,2641.0,258.3499999999999,77.90921568627425
AZE,Azerbaijan,2020Q1,298.0,29.149,5.0,0.489,298.0,29.147999999999996,5.0,0.49,49.76225806451613
AZE,Azerbaijan,2020Q2,17524.0,1714.116,213.0,20.835,17226.0,1684.9710000000002,208.0,20.352,85.58384615384621
AZE,Azerbaijan,2020Q3,40229.0,3935.014,591.0,57.809,22705.0,2220.894999999999,378.0,36.98399999999997,87.01967391304333
AZE,Azerbaijan,2020Q4,218700.0,21392.218,2641.0,258.33,178471.0,17457.207,2050.0,200.52399999999997,70.69184782608694
BDI,Burundi,2020,818.0,66.746,2.0,0.163,818.0,66.75499999999995,2.0,0.164,13.903985507246361
BDI,Burundi,2020Q1,2.0,0.163,0.0,0.0,2.0,0.163,0.0,0.0,13.89
BDI,Burundi,2020Q2,170.0,13.871,1.0,0.082,168.0,13.709,1.0,0.082,13.89000000000001
BDI,Burundi,2020Q3,508.0,41.451,1.0,0.082,338.0,27.583000000000016,0.0,0.0,13.011956521739119
BDI,Burundi,2020Q4,818.0,66.746,2.0,0.163,310.0,25.300000000000004,1.0,0.082,14.809999999999969
BEL,Belgium,2020,646496.0,55577.496,19528.0,1678.769,646496.0,55577.49799999999,19528.0,1678.7800000000007,56.277831325301065
BEL,Belgium,2020Q1,12775.0,1098.232,705.0,60.607,12775.0,1098.233,705.0,60.608000000000004,31.83824561403509
BEL,Belgium,2020Q2,61427.0,5280.712,9747.0,837.923,48652.0,4182.480999999997,9042.0,777.3170000000001,71.75296703296709
BEL,Belgium,2020Q3,118452.0,10182.995,10016.0,861.048,57025.0,4902.281000000001,269.0,23.137000000000004,54.05608695652172
BEL,Belgium,2020Q4,646496.0,55577.496,19528.0,1678.769,528044.0,45394.50299999998,9512.0,817.7179999999997,58.334565217391194
BEN,Benin,2020,3251.0,261.103,44.0,3.534,3251.0,261.1,44.0,3.5330000000000013,46.3894845360824
BEN,Benin,2020Q1,9.0,0.723,0.0,0.0,9.0,0.722,0.0,0.0,32.466874999999995
BEN,Benin,2020Q2,1199.0,96.297,21.0,1.687,1190.0,95.57300000000001,21.0,1.6860000000000004,58.353846153846135
BEN,Benin,2020Q3,2357.0,189.302,41.0,3.293,1158.0,93.00199999999997,20.0,1.6060000000000003,42.63521739130435
BEN,Benin,2020Q4,3251.0,261.103,44.0,3.534,894.0,71.80300000000001,3.0,0.241,40.73076086956517
BFA,Burkina Faso,2020,6707.0,311.996,85.0,3.954,6707.0,312.024,85.0,3.971000000000003,44.46626262626247
BFA,Burkina Faso,2020Q1,261.0,12.141,14.0,0.651,261.0,12.144,14.0,0.653,50.715
BFA,Burkina Faso,2020Q2,962.0,44.75,53.0,2.465,701.0,32.619000000000014,39.0,1.822999999999999,65.09032967032964
BFA,Burkina Faso,2020Q3,2056.0,95.641,58.0,2.698,1094.0,50.90100000000001,5.0,0.235,45.31010869565221
BFA,Burkina Faso,2020Q4,6707.0,311.996,85.0,3.954,4651.0,216.35999999999999,27.0,1.26,21.728260869565265
BGD,Bangladesh,2020,513510.0,3087.788,7559.0,45.453,513510.0,3087.783000000001,7559.0,45.409999999999954,77.69276315789493
BGD,Bangladesh,2020Q1,51.0,0.307,5.0,0.03,51.0,0.30600000000000005,5.0,0.03,46.52034482758621
BGD,Bangladesh,2020Q2,145483.0,874.804,1847.0,11.106,145432.0,874.4950000000002,1842.0,11.068000000000003,83.69450549450555
BGD,Bangladesh,2020Q3,363479.0,2185.637,5251.0,31.575,217996.0,1310.8310000000006,3404.0,20.46100000000001,79.18510869565226
BGD,Bangladesh,2020Q4,513510.0,3087.788,7559.0,45.453,150031.0,902.1510000000002,2308.0,13.851000000000004,80.0900000000001
BGR,Bulgaria,2020,202266.0,29328.131,7576.0,1098.504,202266.0,29328.152000000002,7576.0,1098.52,48.279063545150464
BGR,Bulgaria,2020Q1,399.0,57.854,8.0,1.16,399.0,57.85499999999998,8.0,1.16,58.06500000000002
BGR,Bulgaria,2020Q2,4989.0,723.394,230.0,33.35,4590.0,665.55,222.0,32.18999999999997,57.692857142857115
BGR,Bulgaria,2020Q3,20833.0,3020.74,825.0,119.623,15844.0,2297.357,595.0,86.275,37.91369565217392
BGR,Bulgaria,2020Q4,202266.0,29328.131,7576.0,1098.504,181433.0,26307.39,6751.0,978.8950000000001,46.78010869565216
BHR,Bahrain,2020,92675.0,53008.789,352.0,201.339,92675.0,53008.79000000002,352.0,201.34400000000034,63.35538461538492
BHR,Bahrain,2020Q1,567.0,324.316,4.0,2.288,567.0,324.32,4.0,2.288,45.87297297297298
BHR,Bahrain,2020Q2,26758.0,15305.197,87.0,49.763,26191.0,14980.882000000001,83.0,47.475999999999985,75.32527472527472
BHR,Bahrain,2020Q3,70864.0,40533.205,251.0,143.568,44106.0,25228.006,164.0,93.80799999999999,66.24326086956519
BHR,Bahrain,2020Q4,92675.0,53008.789,352.0,201.339,21811.0,12475.581999999997,101.0,57.772000000000034,55.65869565217404
BHS,Bahamas,2020,7871.0,19830.492,170.0,428.304,7871.0,19830.478000000006,170.0,428.29499999999985,78.36164948453595
BHS,Bahamas,2020Q1,14.0,35.272,0.0,0.0,14.0,35.269999999999996,0.0,0.0,72.22249999999998
BHS,Bahamas,2020Q2,104.0,262.021,11.0,27.714,90.0,226.74300000000002,11.0,27.711,90.96659340659342
BHS,Bahamas,2020Q3,4123.0,10387.641,96.0,241.866,4019.0,10125.613000000001,85.0,214.14899999999997,75.32586956521733
BHS,Bahamas,2020Q4,7871.0,19830.492,170.0,428.304,3748.0,9442.852000000004,74.0,186.435,69.99717391304333
BIH,Bosnia and Herzegovina,2020,110985.0,34008.394,4050.0,1241.015,110985.0,34008.385,4050.0,1241.0110000000002,56.744403973509954
BIH,Bosnia and Herzegovina,2020Q1,420.0,128.698,13.0,3.984,420.0,128.698,13.0,3.982,53.18962962962963
BIH,Bosnia and Herzegovina,2020Q2,4453.0,1364.503,186.0,56.995,4033.0,1235.8029999999997,173.0,53.00499999999994,74.60197802197808
BIH,Bosnia and Herzegovina,2020Q3,27469.0,8417.143,856.0,262.298,23016.0,7052.6349999999975,670.0,205.31000000000006,51.94195652173911
BIH,Bosnia and Herzegovina,2020Q4,110985.0,34008.394,4050.0,1241.015,83516.0,25591.249,3194.0,978.7140000000002,44.92663043478263
BLR,Belarus,2020,194284.0,20574.684,1424.0,150.802,194284.0,20574.691999999992,1424.0,150.84000000000032,29.610844155844088
BLR,Belarus,2020Q1,152.0,16.097,1.0,0.106,152.0,16.098999999999997,1.0,0.106,4.543636363636365
BLR,Belarus,2020Q2,62118.0,6578.299,392.0,41.513,61966.0,6562.204000000001,391.0,41.428000000000004,30.52351648351649
BLR,Belarus,2020Q3,78631.0,8327.026,833.0,88.215,16513.0,1748.7320000000004,441.0,46.718,31.480000000000015
BLR,Belarus,2020Q4,194284.0,20574.684,1424.0,150.802,115653.0,12247.657000000003,591.0,62.58800000000005,35.83043478260869
BLZ,Belize,2020,10776.0,26612.993,248.0,612.474,10776.0,26612.996999999996,248.0,612.4830000000001,71.90598591549296
BLZ,Belize,2020Q1,3.0,7.409,0.0,0.0,3.0,7.41,0.0,0.0,54.63
BLZ,Belize,2020Q2,24.0,59.272,2.0,4.939,21.0,51.86699999999999,2.0,4.94,76.96516483516473
BLZ,Belize,2020Q3,1992.0,4919.551,27.0,66.681,1968.0,4860.279,25.0,61.74599999999999,71.23478260869574
BLZ,Belize,2020Q4,10776.0,26612.993,248.0,612.474,8784.0,21693.441,221.0,545.7970000000001,69.26304347826098
BMU,Bermuda,2020,604.0,9727.501,10.0,161.051,604.0,9727.489000000001,10.0,161.04999999999998,54.449930555555625
BMU,Bermuda,2020Q1,32.0,515.364,0.0,0.0,32.0,515.365,0.0,0.0,45.93846153846153
BMU,Bermuda,2020Q2,146.0,2351.35,9.0,144.946,114.0,1835.9800000000007,9.0,144.945,78.39175824175828
BMU,Bermuda,2020Q3,181.0,2915.029,9.0,144.946,35.0,563.676,0.0,0.0,43.71815217391307
BMU,Bermuda,2020Q4,604.0,9727.501,10.0,161.051,423.0,6812.467999999999,1.0,16.105,42.70282608695656
BOL,Bolivia,2020,160124.0,13532.06,9165.0,774.533,160124.0,13532.064999999991,9165.0,774.5519999999997,83.07293918918899
BOL,Bolivia,2020Q1,107.0,9.043,6.0,0.507,107.0,9.047,6.0,0.508,73.32523809523809
BOL,Bolivia,2020Q2,33219.0,2807.334,1123.0,94.905,33112.0,2798.2909999999997,1117.0,94.41099999999999,93.77516483516499
BOL,Bolivia,2020Q3,135311.0,11435.116,7965.0,673.121,102092.0,8627.783000000001,6842.0,578.2150000000001,87.09369565217382
BOL,Bolivia,2020Q4,160124.0,13532.06,9165.0,774.533,24813.0,2096.944000000001,1200.0,101.41800000000002,70.69130434782616
BRA,Brazil,2020,7681032.0,35893.773,195072.0,911.579,7681032.0,35893.77000000001,195072.0,911.5720000000005,67.2304516129031
BRA,Brazil,2020Q1,5717.0,26.716,201.0,0.939,5717.0,26.715000000000003,201.0,0.9390000000000001,39.60371428571428
BRA,Brazil,2020Q2,1412669.0,6601.459,59792.0,279.41,1406952.0,6574.746000000001,59591.0,278.4699999999999,77.64978021978038
BRA,Brazil,2020Q3,4817365.0,22511.741,144078.0,673.282,3404696.0,15910.281999999994,84286.0,393.86899999999997,73.76413043478256
BRA,Brazil,2020Q4,7681032.0,35893.773,195072.0,911.579,2863667.0,13382.026999999995,50994.0,238.29399999999998,60.90086956521744
BRB,Barbados,2020,383.0,1331.211,7.0,24.33,383.0,1331.2070000000012,7.0,24.331999999999997,54.05862068965497
BRB,Barbados,2020Q1,34.0,118.175,0.0,0.0,34.0,118.17399999999999,0.0,0.0,49.690666666666665
BRB,Barbados,2020Q2,97.0,337.147,7.0,24.33,63.0,218.97299999999996,7.0,24.331999999999997,79.95527472527466
BRB,Barbados,2020Q3,190.0,660.392,7.0,24.33,93.0,323.247,0.0,0.0,45.291521739130395
BRB,Barbados,2020Q4,383.0,1331.211,7.0,24.33,193.0,670.8130000000002,0.0,0.0,37.92271739130427
BRN,Brunei,2020,157.0,355.58,3.0,6.795,157.0,355.58399999999966,3.0,6.795,43.62463087248331
BRN,Brunei,2020Q1,129.0,292.165,1.0,2.265,129.0,292.16499999999996,1.0,2.265,46.6191304347826
BRN,Brunei,2020Q2,141.0,319.343,3.0,6.795,12.0,27.180000000000003,2.0,4.53,53.671318681318674
BRN,Brunei,2020Q3,146.0,330.667,3.0,6.795,5.0,11.325000000000001,0.0,0.0,41.37315217391301
BRN,Brunei,2020Q4,157.0,355.58,3.0,6.795,11.0,24.914,0.0,0.0,35.19000000000005
BTN,Bhutan,2020,670.0,859.084,0.0,0.0,670.0,859.069,0.0,0.0,75.52754152823888
BTN,Bhutan,2020Q1,4.0,5.129,0.0,0.0,4.0,5.128,0.0,0.0,43.08923076923077
BTN,Bhutan,2020Q2,77.0,98.731,0.0,0.0,73.0,93.59899999999999,0.0,0.0,83.32999999999994
BTN,Bhutan,2020Q3,282.0,361.585,0.0,0.0,205.0,262.84700000000004,0.0,0.0,79.53826086956528
BTN,Bhutan,2020Q4,670.0,859.084,0.0,0.0,388.0,497.4950000000001,0.0,0.0,72.96652173913053
BWA,Botswana,2020,14805.0,6175.852,42.0,17.52,14805.0,6175.849,42.0,17.513999999999996,61.41075812274359
BWA,Botswana,2020Q1,4.0,1.669,1.0,0.417,4.0,1.668,1.0,0.417,61.11
BWA,Botswana,2020Q2,227.0,94.692,1.0,0.417,223.0,93.02199999999999,0.0,0.0,72.9956043956043
BWA,Botswana,2020Q3,3172.0,1323.188,16.0,6.674,2945.0,1228.4950000000001,15.0,6.254999999999999,55.79260869565221
BWA,Botswana,2020Q4,14805.0,6175.852,42.0,17.52,11633.0,4852.663999999999,26.0,10.841999999999997,55.57652173913039
CAF,Central African Republic,2020,4963.0,1008.743,63.0,12.805,4963.0,1008.7449999999995,63.0,12.804999999999996,49.55311643835627
CAF,Central African Republic,2020Q1,3.0,0.61,0.0,0.0,3.0,0.61,0.0,0.0,31.372352941176466
CAF,Central African Republic,2020Q2,3745.0,761.181,47.0,9.553,3742.0,760.5689999999998,47.0,9.554,70.47318681318691
CAF,Central African Republic,2020Q3,4829.0,981.507,62.0,12.602,1084.0,220.33100000000007,15.0,3.047999999999999,53.795652173912906
CAF,Central African Republic,2020Q4,4963.0,1008.743,63.0,12.805,134.0,27.235,1.0,0.203,27.977391304347783
CAN,Canada,2020,583232.0,15320.829,15736.0,413.367,583232.0,15320.824999999999,15736.0,413.3669999999997,59.004838709677564
CAN,Canada,2020Q1,9246.0,242.882,152.0,3.993,9246.0,242.88,152.0,3.992,19.832424242424246
CAN,Canada,2020Q2,104136.0,2735.532,8722.0,229.117,94890.0,2492.6500000000005,8570.0,225.12500000000006,71.52560439560433
CAN,Canada,2020Q3,160387.0,4213.181,9343.0,245.43,56251.0,1477.6460000000002,621.0,16.310000000000013,66.27521739130448
CAN,Canada,2020Q4,583232.0,15320.829,15736.0,413.367,422845.0,11107.648999999996,6393.0,167.94,67.45173913043477
CHE,Switzerland,2020,452296.0,51895.624,7873.0,903.334,452296.0,51895.632,7873.0,903.3360000000007,49.76331189710609
CHE,Switzerland,2020Q1,16605.0,1905.228,485.0,55.648,16605.0,1905.228,485.0,55.649,44.44416666666668
CHE,Switzerland,2020Q2,31714.0,3638.807,1809.0,207.561,15109.0,1733.583,1324.0,151.91500000000016,59.656703296703306
CHE,Switzerland,2020Q3,53282.0,6113.48,1908.0,218.92,21568.0,2474.6769999999997,99.0,11.364000000000003,41.759782608695616
CHE,Switzerland,2020Q4,452296.0,51895.624,7873.0,903.334,399014.0,45782.143999999986,5965.0,684.4079999999999,50.06239130434776
CHL,Chile,2020,608973.0,31696.936,16608.0,864.443,608973.0,31696.93800000004,16608.0,864.4340000000009,73.28150159744389
CHL,Chile,2020Q1,2844.0,148.03,12.0,0.625,2844.0,148.028,12.0,0.624,26.681578947368422
CHL,Chile,2020Q2,279393.0,14542.356,5688.0,296.059,276549.0,14394.328999999996,5676.0,295.42800000000005,75.99274725274715
CHL,Chile,2020Q3,462991.0,24098.599,12741.0,663.167,183598.0,9556.242000000006,7053.0,367.10799999999983,83.66260869565198
CHL,Chile,2020Q4,608973.0,31696.936,16608.0,864.443,145982.0,7598.339,3867.0,201.27400000000006,79.46641304347828
CHN,China,2020,87071.0,60.289,4634.0,3.209,86524.0,59.9150000000001,4617.0,3.193999999999999,72.17956521739113
CHN,China,2020Q1,81524.0,56.449,3305.0,2.288,80977.0,56.076,3288.0,2.274,75.44957142857139
CHN,China,2020Q2,83534.0,57.84,4634.0,3.209,2010.0,1.3909999999999985,1329.0,0.92,71.16626373626369
CHN,China,2020Q3,85412.0,59.141,4634.0,3.209,1878.0,1.3009999999999993,0.0,0.0,72.32239130434776
CHN,China,2020Q4,87071.0,60.289,4634.0,3.209,1659.0,1.1470000000000002,0.0,0.0,70.55097826086946
CIV,Ivory Coast,2020,22490.0,831.312,137.0,5.064,22490.0,831.3139999999995,137.0,5.068999999999995,47.42577702702712
CIV,Ivory Coast,2020Q1,179.0,6.616,1.0,0.037,179.0,6.617999999999999,1.0,0.037,51.281428571428556
CIV,Ivory Coast,2020Q2,9499.0,351.117,68.0,2.514,9320.0,344.50000000000006,67.0,2.4789999999999988,71.47428571428576
CIV,Ivory Coast,2020Q3,19724.0,729.07,120.0,4.436,10225.0,377.9530000000002,52.0,1.9239999999999995,43.75532608695652
CIV,Ivory Coast,2020Q4,22490.0,831.312,137.0,5.064,2766.0,102.243,17.0,0.6289999999999998,26.429021739130395
CMR,Cameroon,2020,26277.0,965.205,448.0,16.456,26277.0,965.2039999999998,448.0,16.45,51.149534883721046
CMR,Cameroon,2020Q1,193.0,7.089,6.0,0.22,193.0,7.09,6.0,0.22099999999999997,31.4476923076923
CMR,Cameroon,2020Q2,12592.0,462.529,313.0,11.497,12399.0,455.43799999999993,307.0,11.273000000000001,64.22747252747234
CMR,Cameroon,2020Q3,20838.0,765.42,418.0,15.354,8246.0,302.89,105.0,3.8549999999999986,58.458260869565244
CMR,Cameroon,2020Q4,26277.0,965.205,448.0,16.456,5439.0,199.78600000000003,30.0,1.101,36.47293478260863
COD,"Congo, the Democratic Republic of the",2020,17658.0,191.149,591.0,6.398,17658.0,191.15399999999997,591.0,6.4,54.637567567567444
COD,"Congo, the Democratic Republic of the",2020Q1,98.0,1.061,8.0,0.087,98.0,1.06,8.0,0.087,47.6195238095238
COD,"Congo, the Democratic Republic of the",2020Q2,7039.0,76.198,170.0,1.84,6941.0,75.14,162.0,1.7510000000000008,80.4072527472529
COD,"Congo, the Democratic Republic of the",2020Q3,10659.0,115.385,272.0,2.944,3620.0,39.18699999999999,102.0,1.102,55.739456521739186
COD,"Congo, the Democratic Republic of the",2020Q4,17658.0,191.149,591.0,6.398,6999.0,75.76699999999998,319.0,3.46,29.648043478260853
COG,Congo,2020,7107.0,1256.316,108.0,19.091,7107.0,1256.3220000000001,108.0,19.095999999999997,64.47270547945215
COG,Congo,2020Q1,19.0,3.359,0.0,0.0,19.0,3.3600000000000003,0.0,0.0,31.047058823529415
COG,Congo,2020Q2,1087.0,192.151,37.0,6.541,1068.0,188.79400000000004,37.0,6.543,87.1081318681317
COG,Congo,2020Q3,5089.0,899.591,89.0,15.733,4002.0,707.442,52.0,9.193,65.4804347826087
COG,Congo,2020Q4,7107.0,1256.316,108.0,19.091,2018.0,356.726,19.0,3.3600000000000003,47.25206521739132
COL,Colombia,2020,1642775.0,32044.242,43213.0,842.92,1642775.0,32044.244999999995,43213.0,842.9340000000005,75.46046511627921
COL,Colombia,2020Q1,906.0,17.673,16.0,0.312,906.0,17.675,16.0,0.313,49.679230769230784
COL,Colombia,2020Q2,97846.0,1908.6,3334.0,65.034,96940.0,1890.9300000000003,3318.0,64.732,87.2318681318681
COL,Colombia,2020Q3,829679.0,16183.856,25998.0,507.121,731833.0,14275.255000000003,22664.0,442.0860000000002,81.90739130434787
COL,Colombia,2020Q4,1642775.0,32044.242,43213.0,842.92,813096.0,15860.385,17215.0,335.80299999999994,64.65608695652155
COM,Comoros,2020,823.0,926.326,10.0,11.255,823.0,926.3319999999993,10.0,11.256999999999998,0.0
COM,Comoros,2020Q2,303.0,341.041,7.0,7.879,303.0,341.043,7.0,7.879999999999999,0.0
COM,Comoros,2020Q3,479.0,539.138,7.0,7.879,176.0,198.0980000000001,0.0,0.0,0.0
COM,Comoros,2020Q4,823.0,926.326,10.0,11.255,344.0,387.19100000000003,3.0,3.377,0.0
CPV,Cape Verde,2020,11840.0,21071.328,113.0,201.103,11840.0,21071.32100000001,113.0,201.11900000000003,71.92850174216025
CPV,Cape Verde,2020Q1,6.0,10.678,1.0,1.78,6.0,10.679,1.0,1.78,57.02166666666667
CPV,Cape Verde,2020Q2,1227.0,2183.659,15.0,26.695,1221.0,2172.978,14.0,24.917,79.68219780219788
CPV,Cape Verde,2020Q3,6024.0,10720.75,60.0,106.78,4797.0,8537.086000000001,45.0,80.09400000000002,68.90249999999993
CPV,Cape Verde,2020Q4,11840.0,21071.328,113.0,201.103,5816.0,10350.578000000005,53.0,94.32800000000002,69.22945652173928
CRI,Costa Rica,2020,169321.0,32947.899,2185.0,425.176,169321.0,32947.90000000001,2185.0,425.1729999999996,64.95013289036568
CRI,Costa Rica,2020Q1,347.0,67.522,2.0,0.389,347.0,67.52200000000002,2.0,0.39,50.963076923076905
CRI,Costa Rica,2020Q2,3459.0,673.081,16.0,3.113,3112.0,605.562,14.0,2.729,73.7935164835165
CRI,Costa Rica,2020Q3,75760.0,14742.016,904.0,175.908,72301.0,14068.934999999998,888.0,172.78999999999994,68.26021739130425
CRI,Costa Rica,2020Q4,169321.0,32947.899,2185.0,425.176,93561.0,18205.880999999994,1281.0,249.26400000000007,56.8456521739131
CUB,Cuba,2020,11863.0,1048.2,146.0,12.9,11863.0,1048.2039999999993,146.0,12.888999999999973,73.34901694915257
CUB,Cuba,2020Q1,186.0,16.435,6.0,0.53,186.0,16.435000000000002,6.0,0.5289999999999999,38.89149999999999
CUB,Cuba,2020Q2,2341.0,206.848,86.0,7.599,2155.0,190.41499999999976,80.0,7.064999999999999,88.47153846153842
CUB,Cuba,2020Q3,5597.0,494.544,122.0,10.78,3256.0,287.695,36.0,3.1800000000000006,77.82902173913034
CUB,Cuba,2020Q4,11863.0,1048.2,146.0,12.9,6266.0,553.6590000000001,24.0,2.1150000000000007,61.401630434782525
CYP,Cyprus,2020,22346.0,24939.593,120.0,133.928,22346.0,24939.576999999994,120.0,133.92,64.97685618729089
CYP,Cyprus,2020Q1,230.0,256.695,7.0,7.812,230.0,256.696,7.0,7.811999999999999,57.40541666666667
CYP,Cyprus,2020Q2,996.0,1111.601,19.0,21.205,766.0,854.894,12.0,13.392,81.73296703296712
CYP,Cyprus,2020Q3,1743.0,1945.302,22.0,24.553,747.0,833.6989999999994,3.0,3.3480000000000003,49.80739130434778
CYP,Cyprus,2020Q4,22346.0,24939.593,120.0,133.928,20603.0,22994.28799999999,98.0,109.36799999999998,65.54749999999986
CZE,Czech Republic,2020,718661.0,67010.812,11580.0,1079.765,718661.0,67010.79900000003,11580.0,1079.7460000000003,51.686797385620935
CZE,Czech Republic,2020Q1,3308.0,308.451,31.0,2.891,3308.0,308.45,31.0,2.89,57.52645161290325
CZE,Czech Republic,2020Q2,11954.0,1114.639,349.0,32.542,8646.0,806.1839999999996,318.0,29.641000000000016,52.29417582417588
CZE,Czech Republic,2020Q3,70763.0,6598.224,655.0,61.075,58809.0,5483.584000000001,306.0,28.52199999999999,36.74456521739126
CZE,Czech Republic,2020Q4,718661.0,67010.812,11580.0,1079.765,647898.0,60412.58100000001,10925.0,1018.6930000000001,64.06054347826084
DEU,Germany,2020,1746929.0,20821.444,33791.0,402.751,1746929.0,20821.443999999996,33791.0,402.77100000000036,55.7258823529414
DEU,Germany,2020Q1,71808.0,855.871,775.0,9.237,71808.0,855.8700000000001,775.0,9.238999999999999,28.21984615384614
DEU,Germany,2020Q2,195418.0,2329.165,8990.0,107.151,123610.0,1473.2940000000003,8215.0,97.91700000000007,67.30142857142863
DEU,Germany,2020Q3,292913.0,3491.196,9495.0,113.17,97495.0,1162.035,505.0,6.031999999999998,55.12217391304343
DEU,Germany,2020Q4,1746929.0,20821.444,33791.0,402.751,1454016.0,17330.245000000003,24296.0,289.58299999999997,64.31347826086956
DJI,Djibouti,2020,5831.0,5818.217,61.0,60.866,5831.0,5818.222999999992,61.0,60.868999999999986,58.54214532871989
DJI,Djibouti,2020Q1,30.0,29.934,0.0,0.0,30.0,29.935,0.0,0.0,72.74785714285716
DJI,Djibouti,2020Q2,4682.0,4671.736,54.0,53.882,4652.0,4641.805,54.0,53.882999999999996,77.04329670329682
DJI,Djibouti,2020Q3,5416.0,5404.127,61.0,60.866,734.0,732.3880000000004,7.0,6.986000000000001,52.338369565217384
DJI,Djibouti,2020Q4,5831.0,5818.217,61.0,60.866,415.0,414.0949999999999,0.0,0.0,44.2841304347826
DMA,Dominica,2020,88.0,1219.309,0.0,0.0,88.0,1219.3139999999999,0.0,0.0,47.57547368421073
DMA,Dominica,2020Q1,12.0,166.269,0.0,0.0,12.0,166.26999999999998,0.0,0.0,26.113
DMA,Dominica,2020Q2,18.0,249.404,0.0,0.0,6.0,83.136,0.0,0.0,74.1341758241759
DMA,Dominica,2020Q3,30.0,415.674,0.0,0.0,12.0,166.27100000000002,0.0,0.0,37.52706521739129
DMA,Dominica,2020Q4,88.0,1219.309,0.0,0.0,58.0,803.637,0.0,0.0,33.686739130434745
DNK,Denmark,2020,163479.0,28121.539,1298.0,223.281,163479.0,28121.543999999998,1298.0,223.25999999999985,50.020628742515036
DNK,Denmark,2020Q1,2860.0,491.975,90.0,15.482,2860.0,491.9750000000001,90.0,15.48,28.216610169491528
DNK,Denmark,2020Q2,12768.0,2196.342,605.0,104.072,9908.0,1704.3690000000004,515.0,88.58,64.81637362637356
DNK,Denmark,2020Q3,27998.0,4816.196,650.0,111.813,15230.0,2619.855,45.0,7.740000000000001,52.82152173913041
DNK,Denmark,2020Q4,163479.0,28121.539,1298.0,223.281,135481.0,23305.345000000005,648.0,111.46000000000002,46.56782608695649
DOM,Dominican Republic,2020,170785.0,15591.515,2414.0,220.382,170785.0,15591.511000000006,2414.0,220.3850000000002,75.64287581699386
DOM,Dominican Republic,2020Q1,1109.0,101.244,51.0,4.656,1109.0,101.24300000000002,51.0,4.655,46.324516129032254
DOM,Dominican Republic,2020Q2,32568.0,2973.238,747.0,68.196,31459.0,2871.9910000000004,696.0,63.539000000000016,92.02395604395605
DOM,Dominican Republic,2020Q3,112209.0,10243.923,2105.0,192.172,79641.0,7270.687,1358.0,123.97800000000004,77.93586956521726
DOM,Dominican Republic,2020Q4,170785.0,15591.515,2414.0,220.382,58576.0,5347.589999999999,309.0,28.21300000000001,67.02586956521749
DZA,Algeria,2020,99610.0,2232.576,2756.0,61.771,99610.0,2232.573999999999,2756.0,61.76199999999991,70.76771704180081
DZA,Algeria,2020Q1,716.0,16.048,44.0,0.986,716.0,16.049000000000003,44.0,0.986,32.27972222222222
DZA,Algeria,2020Q2,13907.0,311.7,912.0,20.441,13191.0,295.6500000000001,868.0,19.449000000000005,78.08637362637366
DZA,Algeria,2020Q3,51530.0,1154.951,1736.0,38.909,37623.0,843.2529999999999,824.0,18.467000000000006,76.15826086956532
DZA,Algeria,2020Q4,99610.0,2232.576,2756.0,61.771,48080.0,1077.6219999999998,1020.0,22.860000000000007,73.19858695652184
ECU,Ecuador,2020,212512.0,11879.828,14034.0,784.528,212512.0,11879.829000000009,10182.0,569.1919999999999,69.82637254901938
ECU,Ecuador,2020Q1,2240.0,125.22,75.0,4.193,2240.0,125.22,75.0,4.194000000000001,54.30096774193547
ECU,Ecuador,2020Q2,56432.0,3154.657,4527.0,253.068,54192.0,3029.437,4452.0,248.875,87.39274725274721
ECU,Ecuador,2020Q3,137047.0,7661.19,11355.0,634.766,80615.0,4506.530999999999,2976.0,166.36300000000003,72.03119565217386
ECU,Ecuador,2020Q4,212512.0,11879.828,14034.0,784.528,75465.0,4218.640999999999,2679.0,149.75999999999996,55.477500000000006
EGY,Egypt,2020,138062.0,1324.23,7631.0,73.193,138062.0,1324.235999999998,7631.0,73.19800000000008,61.08658385093153
EGY,Egypt,2020Q1,710.0,6.81,46.0,0.441,710.0,6.811999999999999,46.0,0.443,18.932340425531912
EGY,Egypt,2020Q2,68311.0,655.209,2953.0,28.324,67601.0,648.3979999999998,2907.0,27.882000000000012,81.04527472527487
EGY,Egypt,2020Q3,103198.0,989.83,5930.0,56.878,34887.0,334.62000000000006,2977.0,28.55199999999997,62.26858695652175
EGY,Egypt,2020Q4,138062.0,1324.23,7631.0,73.193,34864.0,334.4060000000001,1701.0,16.321000000000012,61.69815217391298
ERI,Eritrea,2020,1320.0,366.518,3.0,0.833,1320.0,366.51700000000005,3.0,0.8330000000000001,86.90793706293704
ERI,Eritrea,2020Q1,15.0,4.165,0.0,0.0,15.0,4.165,0.0,0.0,57.99636363636364
ERI,Eritrea,2020Q2,203.0,56.366,0.0,0.0,188.0,52.203,0.0,0.0,93.52000000000022
ERI,Eritrea,2020Q3,375.0,104.124,0.0,0.0,172.0,47.75699999999999,0.0,0.0,87.83989130434782
ERI,Eritrea,2020Q4,1320.0,366.518,3.0,0.833,945.0,262.39200000000005,3.0,0.8330000000000001,82.89260869565211
ESP,Spain,2020,1928265.0,41250.536,50837.0,1087.534,1928265.0,41250.537000000004,50837.0,1087.5309999999993,61.44626865671634
ESP,Spain,2020Q1,95923.0,2052.039,8464.0,181.067,95923.0,2052.039,8464.0,181.064,32.09816666666668
ESP,Spain,2020Q2,249271.0,5332.546,28355.0,606.586,153348.0,3280.5049999999997,19891.0,425.5170000000003,72.7123076923077
ESP,Spain,2020Q3,769188.0,16454.905,31791.0,680.091,519917.0,11122.360999999999,3436.0,73.507,61.100434782608595
ESP,Spain,2020Q4,1928265.0,41250.536,50837.0,1087.534,1159077.0,24795.631999999998,19046.0,407.4429999999999,69.78858695652181
EST,Estonia,2020,27990.0,21121.531,229.0,172.806,27990.0,21121.532,229.0,172.816,39.98915915915922
EST,Estonia,2020Q1,745.0,562.184,4.0,3.018,745.0,562.1840000000001,4.0,3.0189999999999997,18.2948275862069
EST,Estonia,2020Q2,1989.0,1500.919,69.0,52.068,1244.0,938.7350000000013,65.0,49.05600000000003,58.29241758241759
EST,Estonia,2020Q3,3371.0,2543.79,64.0,48.295,1382.0,1042.872,-5.0,-3.7729999999999997,33.73956521739132
EST,Estonia,2020Q4,27990.0,21121.531,229.0,172.806,24619.0,18577.741,165.0,124.514,41.81130434782609
ETH,Ethiopia,2020,124264.0,1054.191,1923.0,16.314,124264.0,1054.18,1923.0,16.286,69.89098639455761
ETH,Ethiopia,2020Q1,26.0,0.221,0.0,0.0,26.0,0.218,0.0,0.0,40.012631578947364
ETH,Ethiopia,2020Q2,5846.0,49.594,103.0,0.874,5820.0,49.361999999999995,103.0,0.8630000000000002,79.49153846153861
ETH,Ethiopia,2020Q3,75368.0,639.383,1198.0,10.163,69522.0,589.787,1095.0,9.284999999999997,79.95565217391305
ETH,Ethiopia,2020Q4,124264.0,1054.191,1923.0,16.314,48896.0,414.81300000000005,725.0,6.138000000000002,56.50065217391309
FIN,Finland,2020,36422.0,6564.461,592.0,106.698,36422.0,6564.467000000001,592.0,106.678,42.05517751479277
FIN,Finland,2020Q1,1672.0,301.35,51.0,9.192,1672.0,301.34799999999996,51.0,9.188,29.395079365079358
FIN,Finland,2020Q2,7259.0,1308.314,309.0,55.692,5587.0,1006.9659999999999,258.0,46.49499999999998,57.8872527472526
FIN,Finland,2020Q3,10239.0,1845.41,329.0,59.297,2980.0,537.097,20.0,3.601,34.222173913043456
FIN,Finland,2020Q4,36422.0,6564.461,592.0,106.698,26183.0,4719.0560000000005,263.0,47.39399999999998,42.89760869565218
FJI,Fiji,2020,49.0,54.27,2.0,2.215,49.0,54.278,2.0,2.216,54.223798219584594
FJI,Fiji,2020Q1,5.0,5.538,0.0,0.0,5.0,5.540000000000001,0.0,0.0,32.52387096774195
FJI,Fiji,2020Q2,18.0,19.936,0.0,0.0,13.0,14.400000000000002,0.0,0.0,75.8960439560439
FJI,Fiji,2020Q3,32.0,35.441,2.0,2.215,14.0,15.508000000000003,2.0,2.216,52.53456521739131
FJI,Fiji,2020Q4,49.0,54.27,2.0,2.215,17.0,18.83,0.0,0.0,49.10021739130439
FRA,France,2020,2660676.0,39463.024,64644.0,958.797,2727705.0,40457.188,64644.0,958.7970000000005,57.91755102040823
FRA,France,2020Q1,52229.0,774.658,3526.0,52.297,52229.0,774.6579999999999,3526.0,52.299,33.91323529411766
FRA,France,2020Q2,204160.0,3028.092,29846.0,442.674,172501.0,2558.5270000000005,26320.0,390.375,78.10109890109904
FRA,France,2020Q3,603998.0,8958.471,31971.0,474.192,399838.0,5930.3769999999995,2125.0,31.517000000000003,47.94836956521743
FRA,France,2020Q4,2660676.0,39463.024,64644.0,958.797,2103137.0,31193.625999999997,32673.0,484.60600000000005,65.66489130434785
GAB,Gabon,2020,9571.0,4199.964,64.0,28.085,9571.0,4199.963,64.0,28.093,75.23399317406178
GAB,Gabon,2020Q1,16.0,7.021,1.0,0.439,16.0,7.022,1.0,0.439,60.080555555555556
GAB,Gabon,2020Q2,5394.0,2367.005,42.0,18.431,5378.0,2359.9829999999997,41.0,17.996,81.30846153846167
GAB,Gabon,2020Q3,8766.0,3846.713,54.0,23.696,3372.0,1479.7069999999997,12.0,5.268,78.34304347826081
GAB,Gabon,2020Q4,9571.0,4199.964,64.0,28.085,805.0,353.251,10.0,4.39,69.08130434782598
GBR,United Kingdom,2020,2491790.0,36532.7,73569.0,1078.612,2491790.0,36532.69000000001,73569.0,1078.6120000000005,61.8078571428573
GBR,United Kingdom,2020Q1,38598.0,565.894,2456.0,36.008,38598.0,565.8960000000001,2456.0,36.008,23.989672131147554
GBR,United Kingdom,2020Q2,284278.0,4167.864,40441.0,592.915,245680.0,3601.9649999999997,37985.0,556.9090000000003,74.8995604395605
GBR,United Kingdom,2020Q3,453928.0,6655.142,42191.0,618.572,169650.0,2487.276,1750.0,25.655,66.2023913043478
GBR,United Kingdom,2020Q4,2491790.0,36532.7,73569.0,1078.612,2037862.0,29877.552999999996,31378.0,460.0399999999999,69.53902173913049
GEO,Georgia,2020,227420.0,57143.963,2505.0,629.433,227420.0,57143.963,2505.0,629.4260000000002,68.77564516129033
GEO,Georgia,2020Q1,110.0,27.64,0.0,0.0,110.0,27.638,0.0,0.0,56.61428571428572
GEO,Georgia,2020Q2,928.0,233.179,15.0,3.769,818.0,205.54199999999972,15.0,3.764999999999999,84.53461538461542
GEO,Georgia,2020Q3,6192.0,1555.868,39.0,9.8,5264.0,1322.6869999999997,24.0,6.029,57.44804347826075
GEO,Georgia,2020Q4,227420.0,57143.963,2505.0,629.433,221228.0,55588.096000000005,2466.0,619.6320000000002,69.14217391304354
GHA,Ghana,2020,54771.0,1726.042,335.0,10.557,54771.0,1726.049,335.0,10.572000000000008,51.548566552901
GHA,Ghana,2020Q1,161.0,5.074,5.0,0.158,161.0,5.077000000000001,5.0,0.159,50.412222222222205
GHA,Ghana,2020Q2,17741.0,559.086,112.0,3.53,17580.0,554.0139999999999,107.0,3.377,64.30681318681303
GHA,Ghana,2020Q3,46626.0,1469.363,301.0,9.486,28885.0,910.2770000000006,189.0,5.962999999999997,50.0604347826087
GHA,Ghana,2020Q4,54771.0,1726.042,335.0,10.557,8145.0,256.681,34.0,1.073,40.6394565217391
GIN,Guinea,2020,13722.0,1016.653,81.0,6.001,13722.0,1016.6480000000003,81.0,5.993999999999995,63.00792517006795
GIN,Guinea,2020Q1,22.0,1.63,0.0,0.0,22.0,1.6300000000000001,0.0,0.0,33.28526315789474
GIN,Guinea,2020Q2,5391.0,399.415,33.0,2.445,5369.0,397.7880000000001,33.0,2.442,77.90714285714279
GIN,Guinea,2020Q3,10652.0,789.199,66.0,4.89,5261.0,389.777,33.0,2.4419999999999993,71.4416304347825
GIN,Guinea,2020Q4,13722.0,1016.653,81.0,6.001,3070.0,227.453,15.0,1.1099999999999999,45.9753260869565
GMB,Gambia,2020,3797.0,1526.778,124.0,49.861,3797.0,1526.768000000001,124.0,49.85400000000004,65.53589655172382
GMB,Gambia,2020Q1,4.0,1.608,1.0,0.402,4.0,1.608,1.0,0.402,58.82466666666668
GMB,Gambia,2020Q2,49.0,19.703,2.0,0.804,45.0,18.092,1.0,0.402,76.87989010988997
GMB,Gambia,2020Q3,3579.0,1439.12,112.0,45.035,3530.0,1419.4140000000002,110.0,44.22600000000003,68.73913043478272
GMB,Gambia,2020Q4,3797.0,1526.778,124.0,49.861,218.0,87.65400000000004,12.0,4.824000000000001,52.20619565217394
GNB,Guinea-Bissau,2020,2452.0,1216.578,45.0,22.327,2452.0,1216.575,45.0,22.32299999999999,0.0
GNB,Guinea-Bissau,2020Q1,8.0,3.969,0.0,0.0,8.0,3.969,0.0,0.0,0.0
GNB,Guinea-Bissau,2020Q2,1654.0,820.644,24.0,11.908,1646.0,816.674,24.0,11.905000000000001,0.0
GNB,Guinea-Bissau,2020Q3,2324.0,1153.069,39.0,19.35,670.0,332.424,15.0,7.442,0.0
GNB,Guinea-Bissau,2020Q4,2452.0,1216.578,45.0,22.327,128.0,63.507999999999996,6.0,2.976,0.0
GNQ,Equatorial Guinea,2020,5277.0,3639.584,86.0,59.315,5277.0,3639.5799999999977,86.0,59.31499999999999,0.0
GNQ,Equatorial Guinea,2020Q1,12.0,8.276,0.0,0.0,12.0,8.276,0.0,0.0,0.0
GNQ,Equatorial Guinea,2020Q2,2001.0,1380.104,32.0,22.071,1989.0,1371.8270000000002,32.0,22.070999999999998,0.0
GNQ,Equatorial Guinea,2020Q3,5030.0,3469.226,83.0,57.246,3029.0,2089.1209999999996,51.0,35.175,0.0
GNQ,Equatorial Guinea,2020Q4,5277.0,3639.584,86.0,59.315,247.0,170.35600000000002,3.0,2.069,0.0
GRC,Greece,2020,138850.0,13388.621,4838.0,466.504,138850.0,13388.62,4838.0,466.4900000000001,63.7088817891373
GRC,Greece,2020Q1,1156.0,111.467,38.0,3.664,1156.0,111.46499999999999,38.0,3.6630000000000003,45.97815789473684
GRC,Greece,2020Q2,3409.0,328.713,192.0,18.514,2253.0,217.24499999999995,154.0,14.84299999999999,68.97582417582416
GRC,Greece,2020Q3,18475.0,1781.453,391.0,37.702,15066.0,1452.739,199.0,19.180999999999997,57.73826086956516
GRC,Greece,2020Q4,138850.0,13388.621,4838.0,466.504,120375.0,11607.171000000002,4447.0,428.8030000000001,71.79336956521743
GRD,Grenada,2020,127.0,1123.745,0.0,0.0,127.0,1123.7400000000002,0.0,0.0,0.0
GRD,Grenada,2020Q1,9.0,79.635,0.0,0.0,9.0,79.635,0.0,0.0,0.0
GRD,Grenada,2020Q2,23.0,203.513,0.0,0.0,14.0,123.875,0.0,0.0,0.0
GRD,Grenada,2020Q3,24.0,212.361,0.0,0.0,1.0,8.848,0.0,0.0,0.0
GRD,Grenada,2020Q4,127.0,1123.745,0.0,0.0,103.0,911.382,0.0,0.0,0.0
GRL,Greenland,2020,27.0,474.784,0.0,0.0,27.0,474.78899999999993,0.0,0.0,42.97168384879724
GRL,Greenland,2020Q1,10.0,175.846,0.0,0.0,10.0,175.847,0.0,0.0,68.749375
GRL,Greenland,2020Q2,13.0,228.6,0.0,0.0,3.0,52.755,0.0,0.0,58.07043956043959
GRL,Greenland,2020Q3,14.0,246.184,0.0,0.0,1.0,17.585,0.0,0.0,33.05130434782614
GRL,Greenland,2020Q4,27.0,474.784,0.0,0.0,13.0,228.60200000000003,0.0,0.0,33.474347826087
GTM,Guatemala,2020,138012.0,7562.356,4813.0,263.728,138012.0,7562.355999999996,4813.0,263.7329999999997,72.74981191222604
GTM,Guatemala,2020Q1,38.0,2.082,1.0,0.055,38.0,2.0829999999999997,1.0,0.055,43.476136363636364
GTM,Guatemala,2020Q2,18096.0,991.569,773.0,42.356,18058.0,989.4830000000001,772.0,42.30699999999999,95.78065934065941
GTM,Guatemala,2020Q3,91746.0,5027.214,3246.0,177.864,73650.0,4035.649999999997,2473.0,135.50799999999998,86.90858695652175
GTM,Guatemala,2020Q4,138012.0,7562.356,4813.0,263.728,46266.0,2535.1399999999994,1567.0,85.86300000000001,49.81097826086958
GUY,Guyana,2020,6332.0,8011.853,164.0,207.509,6332.0,8011.849000000003,164.0,207.51099999999994,74.80935593220349
GUY,Guyana,2020Q1,12.0,15.184,2.0,2.531,12.0,15.183999999999997,2.0,2.53,41.437
GUY,Guyana,2020Q2,245.0,309.997,12.0,15.184,233.0,294.811,10.0,12.651000000000002,84.7598901098901
GUY,Guyana,2020Q3,2894.0,3661.766,80.0,101.224,2649.0,3351.7679999999996,68.0,86.04200000000004,75.84532608695643
GUY,Guyana,2020Q4,6332.0,8011.853,164.0,207.509,3438.0,4350.085999999998,84.0,106.28800000000005,71.18586956521752
HKG,Hong Kong,2020,8846.0,1171.221,148.0,19.595,8846.0,1171.2050000000002,148.0,19.580000000000013,57.97406976744183
HKG,Hong Kong,2020Q1,714.0,94.534,4.0,0.53,714.0,94.52999999999999,4.0,0.528,49.71768115942033
HKG,Hong Kong,2020Q2,1205.0,159.543,7.0,0.927,491.0,65.00399999999998,3.0,0.396,59.29230769230766
HKG,Hong Kong,2020Q3,5087.0,673.525,105.0,13.902,3882.0,513.979,98.0,12.967,61.455652173913116
HKG,Hong Kong,2020Q4,8846.0,1171.221,148.0,19.595,3759.0,497.692,43.0,5.689000000000001,59.38086956521743
HND,Honduras,2020,121827.0,12106.437,3130.0,311.041,121827.0,12106.434,3130.0,311.02200000000005,88.4039527027024
HND,Honduras,2020Q1,141.0,14.012,7.0,0.696,141.0,14.011,7.0,0.6950000000000001,80.64333333333333
HND,Honduras,2020Q2,19558.0,1943.557,497.0,49.389,19417.0,1929.5449999999996,490.0,48.682999999999986,99.06483516483512
HND,Honduras,2020Q3,76900.0,7641.861,2353.0,233.827,57342.0,5698.302999999999,1856.0,184.43800000000005,86.82630434782618
HND,Honduras,2020Q4,121827.0,12106.437,3130.0,311.041,44927.0,4464.575000000001,777.0,77.20599999999997,81.20804347826075
HRV,Croatia,2020,210837.0,51654.757,3920.0,960.394,210837.0,51654.77900000002,3920.0,960.3999999999999,49.818842443730055
HRV,Croatia,2020Q1,867.0,212.414,6.0,1.47,867.0,212.41500000000002,6.0,1.4700000000000002,45.44888888888888
HRV,Croatia,2020Q2,2777.0,680.361,107.0,26.215,1910.0,467.95000000000016,101.0,24.745000000000005,73.82065934065939
HRV,Croatia,2020Q3,16593.0,4065.261,280.0,68.6,13816.0,3384.9170000000017,173.0,42.384999999999984,36.817173913043455
HRV,Croatia,2020Q4,210837.0,51654.757,3920.0,960.394,194244.0,47589.497000000025,3640.0,891.8,40.78956521739136
HTI,Haiti,2020,9999.0,866.338,236.0,20.448,9999.0,866.3309999999994,236.0,20.45999999999999,56.135574912891904
HTI,Haiti,2020Q1,15.0,1.3,0.0,0.0,15.0,1.299,0.0,0.0,82.40999999999998
HTI,Haiti,2020Q2,5847.0,506.599,104.0,9.011,5832.0,505.297,104.0,9.016999999999998,86.3237362637364
HTI,Haiti,2020Q3,8740.0,757.255,227.0,19.668,2893.0,250.6540000000001,123.0,10.660999999999994,36.45304347826093
HTI,Haiti,2020Q4,9999.0,866.338,236.0,20.448,1259.0,109.08100000000003,9.0,0.7819999999999998,42.53097826086953
HUN,Hungary,2020,322514.0,33476.082,9537.0,989.915,322514.0,33476.09000000002,9537.0,989.926,58.25641447368406
HUN,Hungary,2020Q1,492.0,51.068,16.0,1.661,492.0,51.07,16.0,1.6640000000000001,50.82862068965516
HUN,Hungary,2020Q2,4155.0,431.278,585.0,60.721,3663.0,380.21099999999996,569.0,59.06299999999993,67.73527472527468
HUN,Hungary,2020Q3,26461.0,2746.58,765.0,79.405,22306.0,2315.3039999999996,180.0,18.687999999999995,49.838043478260886
HUN,Hungary,2020Q4,322514.0,33476.082,9537.0,989.915,296053.0,30729.505000000012,8772.0,910.5110000000002,59.64032608695652
IDN,Indonesia,2020,743198.0,2689.221,22138.0,80.105,743198.0,2689.2290000000003,22138.0,80.113,62.18167213114741
IDN,Indonesia,2020Q1,1528.0,5.529,136.0,0.492,1528.0,5.53,136.0,0.49399999999999994,42.25466666666668
IDN,Indonesia,2020Q2,56385.0,204.026,2876.0,10.407,54857.0,198.499,2740.0,9.917999999999997,70.36725274725288
IDN,Indonesia,2020Q3,287008.0,1038.523,10740.0,38.862,230623.0,834.499,7864.0,28.457000000000004,62.99260869565206
IDN,Indonesia,2020Q4,743198.0,2689.221,22138.0,80.105,456190.0,1650.7009999999998,11398.0,41.243999999999986,59.77206521739135
IND,India,2020,10286709.0,7382.404,148994.0,106.928,10286709.0,7382.405999999998,148994.0,106.94100000000002,71.99554896142418
IND,India,2020Q1,1397.0,1.003,35.0,0.025,1397.0,1.004,35.0,0.026000000000000002,32.35741935483871
IND,India,2020Q2,585481.0,420.179,17400.0,12.487,584084.0,419.181,17365.0,12.466000000000003,89.75296703296699
IND,India,2020Q3,6312584.0,4530.317,98678.0,70.818,5727103.0,4110.133999999999,81278.0,58.33500000000002,86.07228260869555
IND,India,2020Q4,10286709.0,7382.404,148994.0,106.928,3974125.0,2852.087000000001,50316.0,36.11400000000001,67.06706521739119
IRL,Ireland,2020,91779.0,18418.777,2237.0,448.935,91779.0,18418.769,2237.0,448.9320000000003,66.27078175895747
IRL,Ireland,2020Q1,3235.0,649.22,71.0,14.249,3235.0,649.218,71.0,14.25,39.1790625
IRL,Ireland,2020Q2,25473.0,5112.079,1736.0,348.391,22238.0,4462.855999999997,1665.0,334.14300000000026,81.84659340659341
IRL,Ireland,2020Q3,36155.0,7255.809,1804.0,362.038,10682.0,2143.7299999999996,68.0,13.648000000000003,53.34130434782615
IRL,Ireland,2020Q4,91779.0,18418.777,2237.0,448.935,55624.0,11162.964999999998,433.0,86.89099999999995,73.21695652173919
IRN,"Iran, Islamic Republic of",2020,1225142.0,14408.56,55223.0,649.463,1225142.0,14408.560000000001,55223.0,649.4630000000001,55.626750788643456
IRN,"Iran, Islamic Republic of",2020Q1,44605.0,524.587,2898.0,34.083,44605.0,524.5899999999999,2898.0,34.083,37.698809523809544
IRN,"Iran, Islamic Republic of",2020Q2,227662.0,2677.471,10817.0,127.216,183057.0,2152.8779999999992,7919.0,93.13400000000003,48.93065934065934
IRN,"Iran, Islamic Republic of",2020Q3,457219.0,5377.228,26169.0,307.766,229557.0,2699.757,15352.0,180.54899999999995,56.826739130434795
IRN,"Iran, Islamic Republic of",2020Q4,1225142.0,14408.56,55223.0,649.463,767923.0,9031.334999999997,29054.0,341.6969999999999,69.23456521739115
IRQ,Iraq,2020,595291.0,14456.056,12813.0,311.151,595291.0,14456.055000000002,12813.0,311.153,75.69717948717953
IRQ,Iraq,2020Q1,694.0,16.853,50.0,1.214,694.0,16.857,50.0,1.213,71.27162162162163
IRQ,Iraq,2020Q2,49109.0,1192.564,1943.0,47.184,48415.0,1175.711,1893.0,45.973,90.10098901098904
IRQ,Iraq,2020Q3,362981.0,8814.636,9181.0,222.952,313872.0,7622.073,7238.0,175.76700000000002,85.5863043478261
IRQ,Iraq,2020Q4,595291.0,14456.056,12813.0,311.151,232310.0,5641.414000000001,3632.0,88.19999999999993,53.340652173912986
ISL,Iceland,2020,5754.0,15602.291,29.0,78.635,5754.0,15602.302000000012,29.0,78.64200000000002,44.98172077922088
ISL,Iceland,2020Q1,1135.0,3077.616,2.0,5.423,1135.0,3077.6150000000007,2.0,5.424,34.54060606060608
ISL,Iceland,2020Q2,1824.0,4945.877,10.0,27.116,689.0,1868.2679999999998,8.0,21.694,47.19857142857145
ISL,Iceland,2020Q3,2728.0,7397.124,10.0,27.116,904.0,2451.2469999999994,0.0,0.0,42.008043478260895
ISL,Iceland,2020Q4,5754.0,15602.291,29.0,78.635,3026.0,8205.172000000006,19.0,51.524000000000015,49.507826086956584
ISR,Israel,2020,423262.0,45556.13,3325.0,357.873,423262.0,45556.133,3325.0,357.88299999999964,66.19496835443056
ISR,Israel,2020Q1,5717.0,615.327,21.0,2.26,5717.0,615.331,21.0,2.262,49.00414634146342
ISR,Israel,2020Q2,25438.0,2737.918,327.0,35.195,19721.0,2122.591000000001,306.0,32.944000000000024,80.45395604395608
ISR,Israel,2020Q3,247411.0,26629.103,1604.0,172.64,221973.0,23891.184000000005,1277.0,137.44500000000008,54.55891304347824
ISR,Israel,2020Q4,423262.0,45556.13,3325.0,357.873,175851.0,18927.027000000002,1721.0,185.23199999999997,71.38815217391293
ITA,Italy,2020,2107166.0,34905.653,74159.0,1228.46,2107166.0,34905.657999999996,74159.0,1228.4600000000007,70.35925595238112
ITA,Italy,2020Q1,105792.0,1752.467,12428.0,205.872,105792.0,1752.4709999999998,12428.0,205.871,56.01098360655739
ITA,Italy,2020Q2,240578.0,3985.226,34767.0,575.923,134786.0,2232.7589999999987,22339.0,370.0499999999997,77.35978021978029
ITA,Italy,2020Q3,314861.0,5215.739,35894.0,594.592,74283.0,1230.515,1127.0,18.670000000000005,66.47445652173917
ITA,Italy,2020Q4,2107166.0,34905.653,74159.0,1228.46,1792305.0,29689.913,38265.0,633.8689999999998,76.83315217391306
JAM,Jamaica,2020,12827.0,4313.827,302.0,101.565,12827.0,4313.828000000002,302.0,101.56500000000001,73.90952702702687
JAM,Jamaica,2020Q1,36.0,12.107,1.0,0.336,36.0,12.108000000000002,1.0,0.336,66.3142857142857
JAM,Jamaica,2020Q2,702.0,236.088,10.0,3.363,666.0,223.98899999999992,9.0,3.025,79.50780219780226
JAM,Jamaica,2020Q3,6482.0,2179.951,107.0,35.985,5780.0,1943.8619999999996,97.0,32.62199999999999,72.35347826086957
JAM,Jamaica,2020Q4,12827.0,4313.827,302.0,101.565,6345.0,2133.869000000001,195.0,65.582,71.66184782608707
JOR,Jordan,2020,294494.0,28677.901,3834.0,373.356,294494.0,28677.905,3834.0,373.35299999999995,70.17881578947355
JOR,Jordan,2020Q1,274.0,26.682,5.0,0.487,274.0,26.68,5.0,0.48700000000000004,55.55482758620689
JOR,Jordan,2020Q2,1132.0,110.234,9.0,0.876,858.0,83.55700000000003,4.0,0.388,77.4839560439559
JOR,Jordan,2020Q3,11825.0,1151.522,61.0,5.94,10693.0,1041.2869999999998,52.0,5.060999999999999,56.945869565217386
JOR,Jordan,2020Q4,294494.0,28677.901,3834.0,373.356,282669.0,27526.380999999998,3773.0,367.4169999999999,80.79576086956503
JPN,Japan,2020,235749.0,1870.27,3492.0,27.703,235747.0,1870.2559999999996,3492.0,27.724999999999984,34.47762318840581
JPN,Japan,2020Q1,2255.0,17.89,67.0,0.532,2253.0,17.876,67.0,0.5360000000000001,27.657857142857143
JPN,Japan,2020Q2,18605.0,147.599,974.0,7.727,16350.0,129.70899999999997,907.0,7.202999999999995,38.54186813186808
JPN,Japan,2020Q3,83579.0,663.058,1575.0,12.495,64974.0,515.461,601.0,4.774000000000002,31.232826086956557
JPN,Japan,2020Q4,235749.0,1870.27,3492.0,27.703,152170.0,1207.2099999999998,1917.0,15.212000000000003,38.89130434782613
KAZ,Kazakhstan,2020,201196.0,10592.074,2749.0,144.723,201196.0,10592.072999999995,2749.0,144.72999999999996,78.64367346938778
KAZ,Kazakhstan,2020Q1,343.0,18.057,2.0,0.105,343.0,18.057000000000002,2.0,0.106,67.61526315789476
KAZ,Kazakhstan,2020Q2,22308.0,1174.417,188.0,9.897,21965.0,1156.358,186.0,9.796999999999999,86.09648351648369
KAZ,Kazakhstan,2020Q3,140707.0,7407.597,2075.0,109.24,118399.0,6233.184000000001,1887.0,99.34400000000001,80.66619565217393
KAZ,Kazakhstan,2020Q4,201196.0,10592.074,2749.0,144.723,60489.0,3184.4739999999993,674.0,35.483000000000004,71.52695652173912
KEN,Kenya,2020,96458.0,1754.238,1670.0,30.372,96458.0,1754.2409999999995,1670.0,30.37,69.55873754152826
KEN,Kenya,2020Q1,59.0,1.073,1.0,0.018,59.0,1.0730000000000002,1.0,0.018,52.88576923076923
KEN,Kenya,2020Q2,6366.0,115.776,148.0,2.692,6307.0,114.70299999999997,147.0,2.67,88.02461538461534
KEN,Kenya,2020Q3,38529.0,700.709,711.0,12.931,32163.0,584.9339999999999,563.0,10.239999999999997,74.48641304347821
KEN,Kenya,2020Q4,96458.0,1754.238,1670.0,30.372,57929.0,1053.5309999999997,959.0,17.442000000000007,51.07782608695645
KGZ,Kyrgyzstan,2020,81034.0,12225.371,1355.0,204.425,81034.0,12225.376999999993,1355.0,204.42500000000018,71.06079584775091
KGZ,Kyrgyzstan,2020Q1,107.0,16.143,0.0,0.0,107.0,16.145,0.0,0.0,79.19928571428571
KGZ,Kyrgyzstan,2020Q2,5506.0,830.675,61.0,9.203,5399.0,814.5299999999999,61.0,9.206999999999997,83.77648351648361
KGZ,Kyrgyzstan,2020Q3,46669.0,7040.82,1064.0,160.523,41163.0,6210.149,1003.0,151.32300000000012,74.42804347826086
KGZ,Kyrgyzstan,2020Q4,81034.0,12225.371,1355.0,204.425,34365.0,5184.552999999998,291.0,43.89500000000004,53.8776086956521
KHM,Cambodia,2020,378.0,22.306,0.0,0.0,378.0,22.302000000000007,0.0,0.0,40.66802941176492
KHM,Cambodia,2020Q1,109.0,6.432,0.0,0.0,109.0,6.430999999999998,0.0,0.0,15.214153846153842
KHM,Cambodia,2020Q2,141.0,8.32,0.0,0.0,32.0,1.888,0.0,0.0,52.92164835164825
KHM,Cambodia,2020Q3,277.0,16.346,0.0,0.0,136.0,8.024,0.0,0.0,41.14315217391304
KHM,Cambodia,2020Q4,378.0,22.306,0.0,0.0,101.0,5.9590000000000005,0.0,0.0,46.056195652173905
KNA,Saint Kitts and Nevis,2020,32.0,597.617,0.0,0.0,32.0,597.6229999999998,0.0,0.0,0.0
KNA,Saint Kitts and Nevis,2020Q1,8.0,149.404,0.0,0.0,8.0,149.40499999999997,0.0,0.0,0.0
KNA,Saint Kitts and Nevis,2020Q2,15.0,280.133,0.0,0.0,7.0,130.731,0.0,0.0,0.0
KNA,Saint Kitts and Nevis,2020Q3,19.0,354.835,0.0,0.0,4.0,74.703,0.0,0.0,0.0
KNA,Saint Kitts and Nevis,2020Q4,32.0,597.617,0.0,0.0,13.0,242.78399999999996,0.0,0.0,0.0
KOR,South Korea,2020,61769.0,1203.952,917.0,17.873,61768.0,1203.9299999999998,917.0,17.81299999999999,52.438318840579605
KOR,South Korea,2020Q1,9786.0,190.741,162.0,3.158,9785.0,190.714,162.0,3.15,42.89871428571424
KOR,South Korea,2020Q2,12850.0,250.462,282.0,5.497,3064.0,59.71999999999999,120.0,2.323,54.502417582417536
KOR,South Korea,2020Q3,23889.0,465.625,415.0,8.089,11039.0,215.16900000000007,133.0,2.5740000000000007,52.62065217391296
KOR,South Korea,2020Q4,61769.0,1203.952,917.0,17.873,37880.0,738.3270000000001,502.0,9.766,57.47271739130429
KWT,Kuwait,2020,150584.0,34788.531,934.0,215.776,150584.0,34788.52600000001,934.0,215.75400000000013,76.34602564102536
KWT,Kuwait,2020Q1,289.0,66.766,0.0,0.0,289.0,66.761,0.0,0.0,54.40378378378377
KWT,Kuwait,2020Q2,46195.0,10672.158,354.0,81.783,45906.0,10605.392,354.0,81.77400000000006,89.98395604395606
KWT,Kuwait,2020Q3,105182.0,24299.575,610.0,140.925,58987.0,13627.413999999993,256.0,59.13600000000003,76.66673913043469
KWT,Kuwait,2020Q4,150584.0,34788.531,934.0,215.776,45402.0,10488.959000000008,324.0,74.84399999999998,71.36021739130446
LAO,Lao People's Democratic Republic,2020,41.0,5.556,0.0,0.0,41.0,5.562000000000001,0.0,0.0,44.447208480565386
LAO,Lao People's Democratic Republic,2020Q1,9.0,1.22,0.0,0.0,9.0,1.221,0.0,0.0,44.9075
LAO,Lao People's Democratic Republic,2020Q2,19.0,2.575,0.0,0.0,10.0,1.358,0.0,0.0,69.79098901098907
LAO,Lao People's Democratic Republic,2020Q3,23.0,3.117,0.0,0.0,4.0,0.543,0.0,0.0,30.806304347826085
LAO,Lao People's Democratic Republic,2020Q4,41.0,5.556,0.0,0.0,18.0,2.44,0.0,0.0,32.97978260869567
LBN,Lebanon,2020,181503.0,26813.259,1468.0,216.866,181503.0,26813.260000000002,1468.0,216.86000000000004,69.09536507936517
LBN,Lebanon,2020Q1,470.0,69.433,12.0,1.773,470.0,69.43,12.0,1.7719999999999996,47.50050000000002
LBN,Lebanon,2020Q2,1778.0,262.662,34.0,5.023,1308.0,193.23200000000006,22.0,3.2530000000000006,79.20285714285706
LBN,Lebanon,2020Q3,39634.0,5855.092,367.0,54.217,37856.0,5592.427999999999,333.0,49.188,62.60021739130438
LBN,Lebanon,2020Q4,181503.0,26813.259,1468.0,216.866,141869.0,20958.169999999995,1101.0,162.64700000000005,74.98195652173911
LBR,Liberia,2020,1800.0,347.476,83.0,16.023,1800.0,347.463,83.0,16.019999999999992,67.60258620689652
LBR,Liberia,2020Q1,3.0,0.579,0.0,0.0,3.0,0.579,0.0,0.0,63.45733333333333
LBR,Liberia,2020Q2,770.0,148.643,36.0,6.95,767.0,148.05500000000004,36.0,6.947999999999997,84.13615384615392
LBR,Liberia,2020Q3,1339.0,258.484,82.0,15.829,569.0,109.84099999999998,46.0,8.879,65.12673913043463
LBR,Liberia,2020Q4,1800.0,347.476,83.0,16.023,461.0,88.988,1.0,0.193,54.400434782608635
LBY,Libya,2020,100277.0,14410.642,1478.0,212.401,100277.0,14410.643999999995,1478.0,212.415,84.81821782178228
LBY,Libya,2020Q1,10.0,1.437,0.0,0.0,10.0,1.4369999999999998,0.0,0.0,44.04821428571428
LBY,Libya,2020Q2,824.0,118.416,24.0,3.449,814.0,116.97999999999999,24.0,3.45,96.80615384615392
LBY,Libya,2020Q3,34525.0,4961.531,551.0,79.183,33701.0,4843.1140000000005,527.0,75.742,88.88641304347821
LBY,Libya,2020Q4,100277.0,14410.642,1478.0,212.401,65752.0,9449.113,927.0,133.22299999999998,81.30065217391311
LCA,Saint Lucia,2020,353.0,1914.306,5.0,27.115,353.0,1914.3150000000005,5.0,27.115000000000002,0.0
LCA,Saint Lucia,2020Q1,13.0,70.499,0.0,0.0,13.0,70.499,0.0,0.0,0.0
LCA,Saint Lucia,2020Q2,19.0,103.036,0.0,0.0,6.0,32.538000000000004,0.0,0.0,0.0
LCA,Saint Lucia,2020Q3,27.0,146.42,0.0,0.0,8.0,43.38400000000001,0.0,0.0,0.0
LCA,Saint Lucia,2020Q4,353.0,1914.306,5.0,27.115,326.0,1767.8940000000005,5.0,27.115000000000002,0.0
LKA,Sri Lanka,2020,43299.0,2014.159,204.0,9.49,43299.0,2014.1680000000003,204.0,9.512000000000002,50.67252941176486
LKA,Sri Lanka,2020Q1,143.0,6.652,2.0,0.093,143.0,6.654999999999999,2.0,0.094,30.553846153846166
LKA,Sri Lanka,2020Q2,2047.0,95.221,11.0,0.512,1904.0,88.57400000000005,9.0,0.42299999999999993,77.40219780219793
LKA,Sri Lanka,2020Q3,3380.0,157.229,13.0,0.605,1333.0,62.01300000000002,2.0,0.094,39.019239130434805
LKA,Sri Lanka,2020Q4,43299.0,2014.159,204.0,9.49,39919.0,1856.9260000000006,191.0,8.901,50.100978260869525
LSO,Lesotho,2020,3094.0,1433.026,51.0,23.621,3094.0,1433.028,51.0,23.615,56.104592274678076
LSO,Lesotho,2020Q2,27.0,12.505,0.0,0.0,27.0,12.504,0.0,0.0,60.52775510204082
LSO,Lesotho,2020Q3,1595.0,738.745,36.0,16.674,1568.0,726.2419999999998,36.0,16.669999999999998,66.11500000000005
LSO,Lesotho,2020Q4,3094.0,1433.026,51.0,23.621,1499.0,694.2819999999999,15.0,6.945,43.738369565217404
LTU,Lithuania,2020,141955.0,52774.083,1796.0,667.692,141955.0,52774.088999999985,1796.0,667.713,50.10986970684063
LTU,Lithuania,2020Q1,468.0,173.987,4.0,1.487,468.0,173.98600000000002,4.0,1.488,49.59343750000001
LTU,Lithuania,2020Q2,1812.0,673.641,61.0,22.678,1344.0,499.65800000000013,57.0,21.200999999999997,66.31186813186827
LTU,Lithuania,2020Q3,4688.0,1742.84,77.0,28.626,2876.0,1069.204,16.0,5.951999999999999,27.91717391304346
LTU,Lithuania,2020Q4,141955.0,52774.083,1796.0,667.692,137267.0,51031.24099999999,1719.0,639.072,56.456304347826084
LUX,Luxembourg,2020,46415.0,73115.905,495.0,779.756,46415.0,73115.90599999999,495.0,779.7579999999996,50.12464743589734
LUX,Luxembourg,2020Q1,2178.0,3430.926,23.0,36.231,2178.0,3430.9250000000006,23.0,36.231,41.84135135135136
LUX,Luxembourg,2020Q2,4299.0,6772.062,110.0,173.279,2121.0,3341.1399999999985,87.0,137.051,58.486263736263744
LUX,Luxembourg,2020Q3,8509.0,13403.926,124.0,195.333,4210.0,6631.863000000004,14.0,22.050999999999995,39.370978260869514
LUX,Luxembourg,2020Q4,46415.0,73115.905,495.0,779.756,37906.0,59711.977999999996,371.0,584.4249999999998,55.93891304347823
LVA,Latvia,2020,40904.0,21909.719,635.0,340.13,40904.0,21909.736000000004,635.0,340.14099999999996,49.936483870967855
LVA,Latvia,2020Q1,398.0,213.184,0.0,0.0,398.0,213.18599999999995,0.0,0.0,36.93057142857144
LVA,Latvia,2020Q2,1118.0,598.843,30.0,16.069,720.0,385.6670000000002,30.0,16.073999999999995,62.39087912087913
LVA,Latvia,2020Q3,1824.0,977.003,37.0,19.819,706.0,378.1649999999999,7.0,3.7520000000000002,44.93880434782611
LVA,Latvia,2020Q4,40904.0,21909.719,635.0,340.13,39080.0,20932.718000000004,598.0,320.31499999999994,47.56304347826081
MAC,Macao,2020,46.0,69.867,0.0,0.0,45.0,68.352,0.0,0.0,30.50031884057952
MAC,Macao,2020Q1,41.0,62.273,0.0,0.0,40.0,60.75699999999999,0.0,0.0,40.266142857142874
MAC,Macao,2020Q2,46.0,69.867,0.0,0.0,5.0,7.595,0.0,0.0,37.85032967032975
MAC,Macao,2020Q3,46.0,69.867,0.0,0.0,0.0,0.0,0.0,0.0,23.150000000000038
MAC,Macao,2020Q4,46.0,69.867,0.0,0.0,0.0,0.0,0.0,0.0,23.150000000000038
MAR,Morocco,2020,439193.0,11760.49,7388.0,197.832,439193.0,11760.493999999999,7388.0,197.848,66.55027355623116
MAR,Morocco,2020Q1,617.0,16.522,36.0,0.964,617.0,16.525,36.0,0.965,27.675925925925927
MAR,Morocco,2020Q2,12533.0,335.602,228.0,6.105,11916.0,319.08800000000014,192.0,5.152000000000005,89.12384615384634
MAR,Morocco,2020Q3,123653.0,3311.118,2194.0,58.75,111120.0,2975.5129999999995,1966.0,52.64799999999998,68.3075
MAR,Morocco,2020Q4,439193.0,11760.49,7388.0,197.832,315540.0,8449.368000000002,5194.0,139.08299999999988,65.2823913043478
MDA,"Moldova, Republic of",2020,144818.0,35988.345,2985.0,741.795,144818.0,35988.344999999994,2985.0,741.8440000000006,63.568729096989955
MDA,"Moldova, Republic of",2020Q1,353.0,87.723,4.0,0.994,353.0,87.725,4.0,0.995,60.91874999999999
MDA,"Moldova, Republic of",2020Q2,16613.0,4128.453,545.0,135.437,16260.0,4040.730000000001,541.0,134.45899999999995,82.90901098901122
MDA,"Moldova, Republic of",2020Q3,53042.0,13181.33,1320.0,328.03,36429.0,9052.876999999999,775.0,192.61100000000008,57.60999999999998
MDA,"Moldova, Republic of",2020Q4,144818.0,35988.345,2985.0,741.795,91776.0,22807.013,1665.0,413.77900000000017,51.08869565217389
MDG,Madagascar,2020,17714.0,623.133,261.0,9.181,17714.0,623.1249999999999,261.0,9.173000000000009,60.75310104529629
MDG,Madagascar,2020Q1,57.0,2.005,0.0,0.0,57.0,2.0060000000000002,0.0,0.0,84.33916666666666
MDG,Madagascar,2020Q2,2214.0,77.883,20.0,0.704,2157.0,75.877,20.0,0.7010000000000003,74.94846153846147
MDG,Madagascar,2020Q3,16408.0,577.191,230.0,8.091,14194.0,499.303,210.0,7.383000000000006,65.17597826086948
MDG,Madagascar,2020Q4,17714.0,623.133,261.0,9.181,1306.0,45.93900000000001,31.0,1.089,39.21271739130432
MDV,Maldives,2020,13757.0,25306.28,48.0,88.297,13757.0,25306.27500000004,48.0,88.3180000000001,0.0
MDV,Maldives,2020Q1,18.0,33.111,0.0,0.0,18.0,33.114,0.0,0.0,0.0
MDV,Maldives,2020Q2,2361.0,4343.107,9.0,16.556,2343.0,4309.9940000000015,9.0,16.560000000000002,0.0
MDV,Maldives,2020Q3,10291.0,18930.503,34.0,62.544,7930.0,14587.390999999996,25.0,45.99800000000002,0.0
MDV,Maldives,2020Q4,13757.0,25306.28,48.0,88.297,3466.0,6375.776,14.0,25.76,0.0
MEX,Mexico,2020,1426094.0,10947.871,125807.0,965.798,1426094.0,10947.871000000001,125807.0,965.8009999999998,57.39265027322379
MEX,Mexico,2020Q1,1215.0,9.327,29.0,0.223,1215.0,9.327,29.0,0.225,6.848351648351648
MEX,Mexico,2020Q2,226089.0,1735.645,27769.0,213.178,224874.0,1726.315,27740.0,212.95200000000008,78.81725274725264
MEX,Mexico,2020Q3,743216.0,5705.538,77646.0,596.075,517127.0,3969.8949999999995,49877.0,382.89699999999976,71.66760869565212
MEX,Mexico,2020Q4,1426094.0,10947.871,125807.0,965.798,682878.0,5242.334,48161.0,369.72700000000015,71.92086956521754
MHL,Marshall Islands,2020,4.0,67.094,0.0,0.0,4.0,67.094,0.0,0.0,0.0
MHL,Marshall Islands,2020Q4,4.0,67.094,0.0,0.0,4.0,67.094,0.0,0.0,0.0
MKD,"Macedonia, the former Yugoslav Republic of",2020,83329.0,40010.832,2503.0,1201.828,83329.0,40010.829000000005,2503.0,1201.8089999999995,0.0
MKD,"Macedonia, the former Yugoslav Republic of",2020Q1,329.0,157.971,9.0,4.321,329.0,157.971,9.0,4.32,0.0
MKD,"Macedonia, the former Yugoslav Republic of",2020Q2,6334.0,3041.301,302.0,145.007,6005.0,2883.3269999999998,293.0,140.6739999999999,0.0
MKD,"Macedonia, the former Yugoslav Republic of",2020Q3,17977.0,8631.746,739.0,354.835,11643.0,5590.444,437.0,209.824,0.0
MKD,"Macedonia, the former Yugoslav Republic of",2020Q4,83329.0,40010.832,2503.0,1201.828,65352.0,31379.087,1764.0,846.9910000000001,0.0
MLI,Mali,2020,7090.0,339.955,269.0,12.898,7090.0,339.96500000000026,269.0,12.910000000000007,51.22741134751746
MLI,Mali,2020Q1,28.0,1.343,2.0,0.096,28.0,1.344,2.0,0.096,75.0
MLI,Mali,2020Q2,2181.0,104.576,116.0,5.562,2153.0,103.23500000000001,114.0,5.472000000000002,62.688131868131784
MLI,Mali,2020Q3,3118.0,149.503,131.0,6.281,937.0,44.934999999999995,15.0,0.7200000000000001,48.16804347826083
MLI,Mali,2020Q4,7090.0,339.955,269.0,12.898,3972.0,190.45100000000005,138.0,6.6220000000000026,41.141847826087
MLT,Malta,2020,12774.0,24751.017,219.0,424.336,12774.0,24751.032999999996,219.0,424.34199999999976,54.52821192052997
MLT,Malta,2020Q1,169.0,327.456,0.0,0.0,169.0,327.45599999999996,0.0,0.0,52.9825925925926
MLT,Malta,2020Q2,670.0,1298.198,9.0,17.438,501.0,970.7489999999992,9.0,17.441000000000003,74.96989010989016
MLT,Malta,2020Q3,3058.0,5925.208,35.0,67.816,2388.0,4627.013,26.0,50.38,38.36358695652178
MLT,Malta,2020Q4,12774.0,24751.017,219.0,424.336,9716.0,18825.815,184.0,356.5209999999998,50.92695652173918
MMR,Burma,2020,124630.0,2274.021,2682.0,48.936,124630.0,2273.9999999999995,2682.0,48.93300000000004,79.01232142857174
MMR,Burma,2020Q1,15.0,0.274,1.0,0.018,15.0,0.273,1.0,0.018,55.742000000000004
MMR,Burma,2020Q2,299.0,5.456,6.0,0.109,284.0,5.172999999999996,5.0,0.09,81.12736263736282
MMR,Burma,2020Q3,13373.0,244.006,310.0,5.656,13074.0,238.54099999999997,304.0,5.5440000000000005,78.52695652173907
MMR,Burma,2020Q4,124630.0,2274.021,2682.0,48.936,111257.0,2030.0130000000001,2372.0,43.28100000000004,78.67032608695663
MNE,Montenegro,2020,48247.0,76820.195,682.0,1085.899,48247.0,76820.19699999997,682.0,1085.8850000000004,0.0
MNE,Montenegro,2020Q1,109.0,173.553,2.0,3.184,109.0,173.552,2.0,3.184,0.0
MNE,Montenegro,2020Q2,548.0,872.541,12.0,19.107,439.0,698.989,10.0,15.920000000000003,0.0
MNE,Montenegro,2020Q3,10772.0,17151.473,169.0,269.086,10224.0,16278.934000000001,157.0,249.97000000000003,0.0
MNE,Montenegro,2020Q4,48247.0,76820.195,682.0,1085.899,37475.0,59668.722,513.0,816.811,0.0
MNG,Mongolia,2020,1195.0,358.936,1.0,0.3,1195.0,358.92300000000006,1.0,0.3,63.92643097643099
MNG,Mongolia,2020Q1,12.0,3.604,0.0,0.0,12.0,3.602,0.0,0.0,62.43681818181817
MNG,Mongolia,2020Q2,220.0,66.08,0.0,0.0,208.0,62.471000000000004,0.0,0.0,72.58912087912097
MNG,Mongolia,2020Q3,313.0,94.014,0.0,0.0,93.0,27.931000000000004,0.0,0.0,57.70271739130436
MNG,Mongolia,2020Q4,1195.0,358.936,1.0,0.3,882.0,264.91900000000015,1.0,0.3,61.93782608695655
MOZ,Mozambique,2020,18642.0,579.609,166.0,5.161,18642.0,579.6019999999999,166.0,5.147999999999997,65.01719298245615
MOZ,Mozambique,2020Q1,8.0,0.249,0.0,0.0,8.0,0.248,0.0,0.0,44.720000000000006
MOZ,Mozambique,2020Q2,889.0,27.64,6.0,0.187,881.0,27.388999999999996,6.0,0.186,63.39956043956045
MOZ,Mozambique,2020Q3,8728.0,271.367,61.0,1.897,7839.0,243.72700000000003,55.0,1.705,75.24173913043464
MOZ,Mozambique,2020Q4,18642.0,579.609,166.0,5.161,9914.0,308.23800000000006,105.0,3.257000000000002,58.598913043478234
MRT,Mauritania,2020,14364.0,3008.098,347.0,72.668,14364.0,3008.0909999999994,347.0,72.658,48.17143344709873
MRT,Mauritania,2020Q1,6.0,1.257,1.0,0.209,6.0,1.2550000000000001,1.0,0.209,53.60222222222221
MRT,Mauritania,2020Q2,4363.0,913.696,129.0,27.015,4357.0,912.4370000000001,128.0,26.803000000000004,77.77999999999994
MRT,Mauritania,2020Q3,7502.0,1571.063,161.0,33.717,3139.0,657.3659999999999,32.0,6.697999999999996,33.785000000000025
MRT,Mauritania,2020Q4,14364.0,3008.098,347.0,72.668,6862.0,1437.033,186.0,38.948,32.20858695652175
MSR,Montserrat,2020,13.0,2609.918,1.0,200.763,13.0,2609.919,1.0,200.763,0.0
MSR,Montserrat,2020Q1,5.0,1003.814,0.0,0.0,5.0,1003.815,0.0,0.0,0.0
MSR,Montserrat,2020Q2,11.0,2208.392,1.0,200.763,6.0,1204.578,1.0,200.763,0.0
MSR,Montserrat,2020Q3,13.0,2609.918,1.0,200.763,2.0,401.526,0.0,0.0,0.0
MSR,Montserrat,2020Q4,13.0,2609.918,1.0,200.763,0.0,0.0,0.0,0.0,0.0
MUS,Mauritius,2020,527.0,413.844,10.0,7.853,527.0,413.83800000000093,10.0,7.853999999999999,37.767750865051795
MUS,Mauritius,2020Q1,125.0,98.16,3.0,2.356,125.0,98.16000000000001,3.0,2.356,63.295714285714276
MUS,Mauritius,2020Q2,341.0,267.781,10.0,7.853,216.0,169.62099999999992,7.0,5.498,70.8885714285713
MUS,Mauritius,2020Q3,381.0,299.192,10.0,7.853,40.0,31.409999999999997,0.0,0.0,22.220000000000024
MUS,Mauritius,2020Q4,527.0,413.844,10.0,7.853,146.0,114.64699999999992,0.0,0.0,16.670000000000012
MWI,Malawi,2020,6583.0,335.052,189.0,9.619,6583.0,335.0599999999999,189.0,9.626000000000003,56.87406474820133
MWI,Malawi,2020Q1,0.0,0.0,0.0,0.0,0.0,0.0,0.0,0.0,52.78
MWI,Malawi,2020Q2,1224.0,62.297,14.0,0.713,1224.0,62.299,14.0,0.7140000000000001,59.374945054944995
MWI,Malawi,2020Q3,5773.0,293.826,179.0,9.11,4549.0,231.52899999999988,165.0,8.402,59.995326086956595
MWI,Malawi,2020Q4,6583.0,335.052,189.0,9.619,810.0,41.23200000000001,10.0,0.51,51.41260869565215
MYS,Malaysia,2020,113010.0,3447.929,471.0,14.37,113010.0,3447.9539999999993,471.0,14.41200000000001,59.36032069970845
MYS,Malaysia,2020Q1,2766.0,84.391,48.0,1.464,2766.0,84.395,48.0,1.467,31.764852941176493
MYS,Malaysia,2020Q2,8639.0,263.575,121.0,3.692,5873.0,179.18600000000006,73.0,2.240999999999999,70.22648351648353
MYS,Malaysia,2020Q3,11224.0,342.444,136.0,4.149,2585.0,78.88399999999997,15.0,0.4650000000000002,58.59847826086953
MYS,Malaysia,2020Q4,113010.0,3447.929,471.0,14.37,101786.0,3105.488999999999,335.0,10.238999999999997,69.77076086956528
NAM,Namibia,2020,23941.0,9253.118,205.0,79.232,23941.0,9253.106,205.0,79.20300000000009,54.26587030716707
NAM,Namibia,2020Q1,11.0,4.251,0.0,0.0,11.0,4.249,0.0,0.0,48.14888888888888
NAM,Namibia,2020Q2,205.0,79.232,0.0,0.0,194.0,74.972,0.0,0.0,65.96582417582422
NAM,Namibia,2020Q3,11265.0,4353.886,121.0,46.766,11060.0,4274.657,121.0,46.749000000000024,58.96728260869565
NAM,Namibia,2020Q4,23941.0,9253.118,205.0,79.232,12676.0,4899.228,84.0,32.453999999999986,39.188478260869566
NCL,New Caledonia,2020,38.0,131.845,0.0,0.0,38.0,131.85,0.0,0.0,0.0
NCL,New Caledonia,2020Q1,16.0,55.514,0.0,0.0,16.0,55.513,0.0,0.0,0.0
NCL,New Caledonia,2020Q2,21.0,72.862,0.0,0.0,5.0,17.349,0.0,0.0,0.0
NCL,New Caledonia,2020Q3,27.0,93.679,0.0,0.0,6.0,20.819,0.0,0.0,0.0
NCL,New Caledonia,2020Q4,38.0,131.845,0.0,0.0,11.0,38.169,0.0,0.0,0.0
NER,Niger,2020,3323.0,132.228,104.0,4.138,3323.0,132.24499999999992,104.0,4.15,29.974111498257894
NER,Niger,2020Q1,27.0,1.074,3.0,0.119,27.0,1.0739999999999998,3.0,0.12,55.556666666666665
NER,Niger,2020Q2,1075.0,42.776,67.0,2.666,1048.0,41.70499999999998,64.0,2.554000000000001,43.71197802197795
NER,Niger,2020Q3,1197.0,47.631,69.0,2.746,122.0,4.862000000000001,2.0,0.08,20.27934782608691
NER,Niger,2020Q4,3323.0,132.228,104.0,4.138,2126.0,84.60399999999998,35.0,1.3960000000000001,22.743478260869566
NGA,Nigeria,2020,87607.0,414.412,1289.0,6.097,87607.0,414.4129999999997,1289.0,6.091000000000008,63.17727272727288
NGA,Nigeria,2020Q1,135.0,0.639,2.0,0.009,135.0,0.64,2.0,0.01,27.804848484848492
NGA,Nigeria,2020Q2,25694.0,121.542,590.0,2.791,25559.0,120.904,588.0,2.782999999999999,83.40461538461551
NGA,Nigeria,2020Q3,58848.0,278.372,1112.0,5.26,33154.0,156.829,522.0,2.4659999999999966,66.85826086956511
NGA,Nigeria,2020Q4,87607.0,414.412,1289.0,6.097,28759.0,136.04000000000005,177.0,0.8320000000000004,52.176739130434726
NIC,Nicaragua,2020,6046.0,902.068,165.0,24.618,6046.0,902.0640000000002,165.0,24.617000000000004,15.138298611111079
NIC,Nicaragua,2020Q1,5.0,0.746,1.0,0.149,5.0,0.745,1.0,0.149,15.740000000000002
NIC,Nicaragua,2020Q2,2519.0,375.837,83.0,12.384,2514.0,375.08799999999997,82.0,12.235,19.43406593406593
NIC,Nicaragua,2020Q3,5170.0,771.368,151.0,22.529,2651.0,395.531,68.0,10.147,17.612499999999976
NIC,Nicaragua,2020Q4,6046.0,902.068,165.0,24.618,876.0,130.7,14.0,2.086,8.33000000000001
NLD,Netherlands,2020,798437.0,46493.486,11459.0,667.265,798437.0,46493.488000000005,11459.0,667.246,58.31469255663437
NLD,Netherlands,2020Q1,12601.0,733.764,1039.0,60.502,12601.0,733.763,1039.0,60.498,43.32705882352942
NLD,Netherlands,2020Q2,50350.0,2931.912,6128.0,356.837,37749.0,2198.1530000000016,5089.0,296.329,71.15274725274732
NLD,Netherlands,2020Q3,121512.0,7075.72,6428.0,374.306,71162.0,4143.807000000001,300.0,17.461,45.09782608695646
NLD,Netherlands,2020Q4,798437.0,46493.486,11459.0,667.265,676925.0,39417.76499999999,5031.0,292.9579999999999,64.37195652173901
NOR,Norway,2020,49567.0,9068.856,436.0,79.771,49567.0,9068.860999999994,436.0,79.784,48.21212218649515
NOR,Norway,2020Q1,4641.0,849.125,39.0,7.136,4641.0,849.1280000000002,39.0,7.137,42.05222222222225
NOR,Norway,2020Q2,8879.0,1624.516,250.0,45.74,4238.0,775.3900000000004,211.0,38.61199999999999,60.204835164835195
NOR,Norway,2020Q3,14027.0,2566.402,274.0,50.131,5148.0,941.8900000000001,24.0,4.3919999999999995,38.89782608695652
NOR,Norway,2020Q4,49567.0,9068.856,436.0,79.771,35540.0,6502.4529999999995,162.0,29.64299999999999,48.074456521739144
NPL,Nepal,2020,260593.0,8781.591,1856.0,62.544,260593.0,8781.592999999999,1856.0,62.547,70.39239766081846
NPL,Nepal,2020Q1,5.0,0.168,0.0,0.0,5.0,0.17,0.0,0.0,30.832835820895525
NPL,Nepal,2020Q2,13564.0,457.086,29.0,0.977,13559.0,456.915,29.0,0.9810000000000003,94.0576923076924
NPL,Nepal,2020Q3,77817.0,2622.315,498.0,16.782,64253.0,2165.2309999999993,469.0,15.806,82.69771739130434
NPL,Nepal,2020Q4,260593.0,8781.591,1856.0,62.544,182776.0,6159.277000000001,1358.0,45.76,63.488695652173774
NZL,New Zealand,2020,2162.0,421.747,25.0,4.877,2162.0,421.7269999999983,25.0,4.874999999999999,41.36149350649346
NZL,New Zealand,2020Q1,647.0,126.212,1.0,0.195,647.0,126.213,1.0,0.195,44.41454545454545
NZL,New Zealand,2020Q2,1528.0,298.071,22.0,4.292,881.0,171.85199999999978,21.0,4.094999999999999,59.51318681318691
NZL,New Zealand,2020Q3,1848.0,360.494,25.0,4.877,320.0,62.41700000000003,3.0,0.585,40.21565217391308
NZL,New Zealand,2020Q4,2162.0,421.747,25.0,4.877,314.0,61.24500000000004,0.0,0.0,23.457826086956537
OMN,Oman,2020,128867.0,24671.209,1499.0,286.979,128867.0,24671.206999999973,1499.0,286.9659999999998,72.74551282051286
OMN,Oman,2020Q1,192.0,36.758,1.0,0.191,192.0,36.757,1.0,0.191,43.91675675675676
OMN,Oman,2020Q2,40070.0,7671.284,176.0,33.695,39878.0,7634.526000000001,175.0,33.494000000000014,88.23604395604389
OMN,Oman,2020Q3,98585.0,18873.809,935.0,179.003,58515.0,11202.527000000002,759.0,145.30799999999994,88.38326086956508
OMN,Oman,2020Q4,128867.0,24671.209,1499.0,286.979,30282.0,5797.397,564.0,107.97299999999993,53.37978260869572
PAK,Pakistan,2020,482178.0,2141.111,10176.0,45.187,482178.0,2141.108,10176.0,45.183000000000014,63.54723472668798
PAK,Pakistan,2020Q1,2118.0,9.405,27.0,0.12,2118.0,9.405000000000001,27.0,0.11699999999999999,51.465833333333315
PAK,Pakistan,2020Q2,213470.0,947.913,4395.0,19.516,211352.0,938.5099999999999,4368.0,19.394000000000002,81.22692307692292
PAK,Pakistan,2020Q3,312806.0,1389.015,6484.0,28.792,99336.0,441.1009999999999,2089.0,9.279000000000003,54.78336956521737
PAK,Pakistan,2020Q4,482178.0,2141.111,10176.0,45.187,169372.0,752.0919999999999,3692.0,16.393,59.551086956521814
PAN,Panama,2020,246790.0,56324.392,4022.0,917.933,246790.0,56324.38700000003,4022.0,917.9400000000005,77.11513422818814
PAN,Panama,2020Q1,1181.0,269.537,30.0,6.847,1181.0,269.53700000000003,30.0,6.846,54.9104347826087
PAN,Panama,2020Q2,33550.0,7657.05,631.0,144.012,32369.0,7387.509000000001,601.0,137.16699999999994,89.07021978021986
PAN,Panama,2020Q3,112595.0,25697.334,2372.0,541.357,79045.0,18040.283,1741.0,397.34899999999993,83.09163043478247
PAN,Panama,2020Q4,246790.0,56324.392,4022.0,917.933,134195.0,30627.058,1650.0,376.578,64.86467391304345
PER,Peru,2020,1015137.0,30430.3,93070.0,2789.917,1015137.0,30430.300999999992,93070.0,2789.9270000000015,82.00694352159474
PER,Peru,2020Q1,1065.0,31.925,138.0,4.137,1065.0,31.926000000000002,138.0,4.139,69.33500000000002
PER,Peru,2020Q2,285213.0,8549.7,37898.0,1136.051,284148.0,8517.775,37760.0,1131.9150000000004,92.47725274725293
PER,Peru,2020Q3,811768.0,24334.0,82135.0,2462.124,526555.0,15784.299999999997,44237.0,1326.0730000000003,82.40989130434767
PER,Peru,2020Q4,1015137.0,30430.3,93070.0,2789.917,203369.0,6096.300000000002,10935.0,327.8,74.8286956521739
PHL,Philippines,2020,474064.0,4269.043,9244.0,83.244,474064.0,4269.035,9244.0,83.21099999999997,71.77528189910979
PHL,Philippines,2020Q1,2084.0,18.767,88.0,0.792,2084.0,18.763,88.0,0.7920000000000001,44.07048387096774
PHL,Philippines,2020Q2,37514.0,337.821,1266.0,11.401,35430.0,319.05100000000004,1178.0,10.601999999999995,91.77956043956044
PHL,Philippines,2020Q3,311694.0,2806.868,5504.0,49.565,274180.0,2469.046,4238.0,38.152,74.56717391304336
PHL,Philippines,2020Q4,474064.0,4269.043,9244.0,83.244,162370.0,1462.1750000000004,3740.0,33.66499999999999,67.86717391304356
PNG,Papua New Guinea,2020,780.0,85.536,9.0,0.987,780.0,85.541,9.0,0.99,51.750731707316916
PNG,Papua New Guinea,2020Q1,1.0,0.11,0.0,0.0,1.0,0.11,0.0,0.0,57.249166666666646
PNG,Papua New Guinea,2020Q2,11.0,1.206,0.0,0.0,10.0,1.098,0.0,0.0,64.01131868131874
PNG,Papua New Guinea,2020Q3,534.0,58.559,7.0,0.768,523.0,57.356000000000016,7.0,0.77,50.31999999999993
PNG,Papua New Guinea,2020Q4,780.0,85.536,9.0,0.987,246.0,26.977,2.0,0.22,40.336956521739154
POL,Poland,2020,1294878.0,34258.751,28554.0,755.457,1294878.0,34258.748999999996,28554.0,755.4540000000002,56.73600660065998
POL,Poland,2020Q1,2311.0,61.142,33.0,0.873,2311.0,61.144000000000005,33.0,0.871,44.71035714285714
POL,Poland,2020Q2,34393.0,909.94,1463.0,38.707,32082.0,848.7920000000004,1430.0,37.836000000000006,72.8724175824176
POL,Poland,2020Q3,91514.0,2421.197,2513.0,66.487,57121.0,1511.2580000000003,1050.0,27.776,37.739130434782616
POL,Poland,2020Q4,1294878.0,34258.751,28554.0,755.457,1203364.0,31837.55500000001,26041.0,688.9710000000002,63.43184782608696
PRT,Portugal,2020,413678.0,40684.612,6906.0,679.195,413678.0,40684.61199999999,6906.0,679.1969999999999,64.24931372549003
PRT,Portugal,2020Q1,7443.0,732.008,160.0,15.736,7443.0,732.0059999999999,160.0,15.734,50.63000000000002
PRT,Portugal,2020Q2,42141.0,4144.504,1576.0,154.997,34698.0,3412.4959999999996,1416.0,139.26099999999994,71.04208791208782
PRT,Portugal,2020Q3,75542.0,7429.443,1971.0,193.845,33401.0,3284.9390000000008,395.0,38.84900000000002,60.99086956521738
PRT,Portugal,2020Q4,413678.0,40684.612,6906.0,679.195,338136.0,33255.17100000001,4935.0,485.35299999999995,65.37793478260873
PRY,Paraguay,2020,107932.0,14949.774,2262.0,313.312,107932.0,14949.786000000004,2262.0,313.33600000000007,75.15253333333342
PRY,Paraguay,2020Q1,69.0,9.557,3.0,0.416,69.0,9.562000000000001,3.0,0.41700000000000004,58.630800000000015
PRY,Paraguay,2020Q2,2221.0,307.633,17.0,2.355,2152.0,298.08500000000004,14.0,1.9440000000000004,87.8073626373625
PRY,Paraguay,2020Q3,40758.0,5645.433,857.0,118.704,38537.0,5337.798999999998,840.0,116.361,79.48728260869544
PRY,Paraguay,2020Q4,107932.0,14949.774,2262.0,313.312,67174.0,9304.339999999998,1405.0,194.614,62.7901086956521
PYF,French Polynesia,2020,16926.0,59907.834,114.0,403.491,16926.0,59907.83400000001,114.0,403.4829999999999,0.0
PYF,French Polynesia,2020Q1,36.0,127.418,0.0,0.0,36.0,127.418,0.0,0.0,0.0
PYF,French Polynesia,2020Q2,62.0,219.443,0.0,0.0,26.0,92.023,0.0,0.0,0.0
PYF,French Polynesia,2020Q3,1852.0,6554.963,7.0,24.776,1790.0,6335.522999999999,7.0,24.775000000000002,0.0
PYF,French Polynesia,2020Q4,16926.0,59907.834,114.0,403.491,15074.0,53352.87000000001,107.0,378.70799999999986,0.0
QAT,Qatar,2020,143834.0,49081.325,245.0,83.603,143834.0,49081.32900000001,245.0,83.57799999999986,71.09583061889276
QAT,Qatar,2020Q1,781.0,266.505,2.0,0.682,781.0,266.50600000000003,2.0,0.682,47.13718749999998
QAT,Qatar,2020Q2,96088.0,32788.675,113.0,38.56,95307.0,32522.170999999995,111.0,37.871000000000016,83.48450549450551
QAT,Qatar,2020Q3,125760.0,42913.827,214.0,73.024,29672.0,10125.152000000004,101.0,34.453,74.36652173913058
QAT,Qatar,2020Q4,143834.0,49081.325,245.0,83.603,18074.0,6167.5,31.0,10.571999999999997,63.90456521739131
RUS,Russia,2020,3127347.0,21433.1,56271.0,385.65,3127347.0,21433.110000000004,56271.0,385.64200000000034,53.71479166666648
RUS,Russia,2020Q1,2337.0,16.017,17.0,0.117,2337.0,16.017,17.0,0.11699999999999999,25.39311475409836
RUS,Russia,2020Q2,646929.0,4433.692,9306.0,63.778,644592.0,4417.681999999998,9289.0,63.656000000000006,78.90901098901085
RUS,Russia,2020Q3,1170799.0,8024.006,20630.0,141.387,523870.0,3590.315,11324.0,77.60499999999996,54.730869565217425
RUS,Russia,2020Q4,3127347.0,21433.1,56271.0,385.65,1956548.0,13409.096000000001,35641.0,244.26399999999992,46.55684782608698
RWA,Rwanda,2020,8383.0,631.416,92.0,6.93,8383.0,631.4119999999997,92.0,6.920000000000002,73.7740614334471
RWA,Rwanda,2020Q1,75.0,5.649,0.0,0.0,75.0,5.648000000000001,0.0,0.0,70.31722222222223
RWA,Rwanda,2020Q2,1025.0,77.204,2.0,0.151,950.0,71.55700000000002,2.0,0.15,79.82384615384613
RWA,Rwanda,2020Q3,4840.0,364.553,29.0,2.184,3815.0,287.3469999999998,27.0,2.0289999999999995,76.38836956521725
RWA,Rwanda,2020Q4,8383.0,631.416,92.0,6.93,3543.0,266.86,63.0,4.741,65.85206521739127
SAU,Saudi Arabia,2020,362741.0,10264.121,6223.0,176.086,362741.0,10264.117999999997,6223.0,176.08599999999993,67.49144262295087
SAU,Saudi Arabia,2020Q1,1563.0,44.227,10.0,0.283,1563.0,44.224,10.0,0.28200000000000003,54.96899999999998
SAU,Saudi Arabia,2020Q2,190823.0,5399.528,1649.0,46.66,189260.0,5355.306000000001,1639.0,46.37899999999998,86.8786813186813
SAU,Saudi Arabia,2020Q3,334605.0,9467.984,4768.0,134.915,143782.0,4068.4539999999993,3119.0,88.25400000000002,64.65771739130427
SAU,Saudi Arabia,2020Q4,362741.0,10264.121,6223.0,176.086,28136.0,796.1340000000001,1455.0,41.171000000000035,55.23206521739117
SDN,Sudan,2020,25500.0,567.81,1468.0,32.688,25500.0,567.8110000000005,1468.0,32.68599999999999,61.7412969283276
SDN,Sudan,2020Q1,7.0,0.156,2.0,0.045,7.0,0.155,2.0,0.044,60.81736842105263
SDN,Sudan,2020Q2,9372.0,208.687,572.0,12.737,9365.0,208.53,570.0,12.689999999999998,83.63945054945067
SDN,Sudan,2020Q3,13646.0,303.857,836.0,18.615,4274.0,95.17099999999999,264.0,5.879000000000003,69.20826086956524
SDN,Sudan,2020Q4,25500.0,567.81,1468.0,32.688,11854.0,263.95500000000004,632.0,14.073000000000006,32.487032967032945
SEN,Senegal,2020,19140.0,1113.03,410.0,23.842,19140.0,1113.035999999999,410.0,23.819999999999986,47.32808441558427
SEN,Senegal,2020Q1,175.0,10.177,0.0,0.0,175.0,10.176,0.0,0.0,32.239999999999995
SEN,Senegal,2020Q2,6793.0,395.027,112.0,6.513,6618.0,384.85299999999995,112.0,6.505000000000001,71.36780219780216
SEN,Senegal,2020Q3,14982.0,871.234,311.0,18.085,8189.0,476.2079999999999,199.0,11.56399999999999,38.29565217391306
SEN,Senegal,2020Q4,19140.0,1113.03,410.0,23.842,4158.0,241.79900000000004,99.0,5.751000000000002,37.9941304347826
SGP,Singapore,2020,58599.0,10745.012,29.0,5.318,58599.0,10745.027999999998,29.0,5.309999999999998,50.43764534883741
SGP,Singapore,2020Q1,926.0,169.796,3.0,0.55,926.0,169.796,3.0,0.55,30.87956521739126
SGP,Singapore,2020Q2,43907.0,8051.012,26.0,4.767,42981.0,7881.224000000007,23.0,4.2109999999999985,68.36615384615381
SGP,Singapore,2020Q3,57765.0,10592.086,27.0,4.951,13858.0,2541.0780000000004,1.0,0.183,51.29195652173911
SGP,Singapore,2020Q4,58599.0,10745.012,29.0,5.318,834.0,152.93,2.0,0.366,46.51826086956513
SLB,Solomon Islands,2020,17.0,24.148,0.0,0.0,17.0,24.146,0.0,0.0,40.43246913580251
SLB,Solomon Islands,2020Q4,17.0,24.148,0.0,0.0,17.0,24.146,0.0,0.0,40.43246913580251
SLE,Sierra Leone,2020,2611.0,320.709,76.0,9.335,2611.0,320.704,76.0,9.341999999999999,46.05152173913037
SLE,Sierra Leone,2020Q1,1.0,0.123,0.0,0.0,1.0,0.123,0.0,0.0,57.41
SLE,Sierra Leone,2020Q2,1462.0,179.577,60.0,7.37,1461.0,179.455,60.0,7.374000000000004,68.96582417582411
SLE,Sierra Leone,2020Q3,2231.0,274.033,72.0,8.844,769.0,94.44899999999996,12.0,1.476,35.074456521739144
SLE,Sierra Leone,2020Q4,2611.0,320.709,76.0,9.335,380.0,46.67699999999998,4.0,0.492,34.23989130434782
SLV,El Salvador,2020,46242.0,7093.963,1327.0,203.574,46242.0,7093.962000000003,1327.0,203.57200000000003,76.45920138888872
SLV,El Salvador,2020Q1,32.0,4.909,1.0,0.153,32.0,4.909,1.0,0.153,85.32846153846154
SLV,El Salvador,2020Q2,6438.0,987.651,174.0,26.693,6406.0,982.7410000000001,173.0,26.53400000000001,94.47483516483517
SLV,El Salvador,2020Q3,29077.0,4460.689,843.0,129.324,22639.0,3473.0370000000003,669.0,102.63199999999999,83.36184782608704
SLV,El Salvador,2020Q4,46242.0,7093.963,1327.0,203.574,17165.0,2633.274999999999,484.0,74.25300000000003,50.48347826086956
SRB,Serbia,2020,337923.0,49177.136,3211.0,467.289,337923.0,49177.13799999999,3211.0,467.334,57.96990322580614
SRB,Serbia,2020Q1,900.0,130.975,16.0,2.328,900.0,130.976,16.0,2.331,52.03742857142857
SRB,Serbia,2020Q2,14564.0,2119.465,277.0,40.311,13664.0,1988.4880000000003,261.0,38.006000000000036,66.44340659340656
SRB,Serbia,2020Q3,33551.0,4882.598,749.0,109.0,18987.0,2763.135,472.0,68.70199999999997,53.291739130434784
SRB,Serbia,2020Q4,337923.0,49177.136,3211.0,467.289,304372.0,44294.539,2462.0,358.295,56.52358695652168
STP,Sao Tome and Principe,2020,1014.0,4539.675,17.0,76.109,1014.0,4539.677999999996,17.0,76.10900000000002,0.0
STP,Sao Tome and Principe,2020Q2,714.0,3196.576,13.0,58.201,714.0,3196.5780000000004,13.0,58.20100000000001,0.0
STP,Sao Tome and Principe,2020Q3,911.0,4078.544,15.0,67.155,197.0,881.9689999999996,2.0,8.954,0.0
STP,Sao Tome and Principe,2020Q4,1014.0,4539.675,17.0,76.109,103.0,461.1309999999999,2.0,8.954,0.0
SUR,Suriname,2020,6210.0,10493.445,122.0,206.151,6210.0,10493.448999999984,122.0,206.1699999999999,73.5697952218431
SUR,Suriname,2020Q1,9.0,15.208,0.0,0.0,9.0,15.209,0.0,0.0,54.73444444444442
SUR,Suriname,2020Q2,515.0,870.229,13.0,21.967,506.0,855.0220000000002,13.0,21.97,82.04219780219782
SUR,Suriname,2020Q3,4877.0,8240.988,104.0,175.736,4362.0,7370.754,91.0,153.77999999999992,83.28445652173909
SUR,Suriname,2020Q4,6210.0,10493.445,122.0,206.151,1333.0,2252.4640000000004,18.0,30.42000000000001,59.16000000000006
SVK,Slovakia,2020,274603.0,50392.621,2138.0,392.346,274603.0,50392.636,2138.0,392.35699999999997,54.91717607973424
SVK,Slovakia,2020Q1,363.0,66.614,0.0,0.0,363.0,66.61699999999999,0.0,0.0,60.39884615384615
SVK,Slovakia,2020Q2,1667.0,305.913,28.0,5.138,1304.0,239.31099999999975,28.0,5.145000000000001,64.70461538461547
SVK,Slovakia,2020Q3,10141.0,1860.983,48.0,8.809,8474.0,1555.073,20.0,3.674000000000001,35.290217391304346
SVK,Slovakia,2020Q4,274603.0,50392.621,2138.0,392.346,264462.0,48531.63500000001,2090.0,383.538,63.31391304347823
SVN,Slovenia,2020,122152.0,58763.0,2697.0,1297.431,122152.0,58762.99599999999,2697.0,1297.424,54.81041916167673
SVN,Slovenia,2020Q1,802.0,385.814,15.0,7.216,802.0,385.814,15.0,7.215,24.198983050847463
SVN,Slovenia,2020Q2,1600.0,769.703,111.0,53.398,798.0,383.88499999999965,96.0,46.17600000000004,61.89747252747263
SVN,Slovenia,2020Q3,5690.0,2737.257,150.0,72.16,4090.0,1967.553,39.0,18.759000000000004,47.89554347826086
SVN,Slovenia,2020Q4,122152.0,58763.0,2697.0,1297.431,116462.0,56025.744,2547.0,1225.2740000000003,74.34652173913034
SWE,Sweden,2020,437379.0,43048.44,8727.0,858.943,437379.0,43048.44,8727.0,858.9389999999995,53.540746268656534
SWE,Sweden,2020Q1,4834.0,475.78,385.0,37.893,4834.0,475.77700000000004,385.0,37.892,20.912666666666667
SWE,Sweden,2020Q2,67924.0,6685.328,5333.0,524.893,63090.0,6209.549999999996,4948.0,486.996,63.712197802197856
SWE,Sweden,2020Q3,92863.0,9139.916,5893.0,580.011,24939.0,2454.5889999999995,560.0,55.11900000000001,57.450217391304456
SWE,Sweden,2020Q4,437379.0,43048.44,8727.0,858.943,344516.0,33908.524000000005,2834.0,278.932,60.849565217391195
SWZ,Swaziland,2020,9358.0,7982.128,205.0,174.86,9358.0,7982.146999999996,205.0,174.8639999999999,69.00883959044369
SWZ,Swaziland,2020Q1,9.0,7.677,0.0,0.0,9.0,7.6770000000000005,0.0,0.0,58.02611111111111
SWZ,Swaziland,2020Q2,812.0,692.615,11.0,9.383,803.0,684.9459999999998,11.0,9.383,85.09351648351664
SWZ,Swaziland,2020Q3,5482.0,4676.002,109.0,92.974,4670.0,3983.382,98.0,83.594,73.30891304347841
SWZ,Swaziland,2020Q4,9358.0,7982.128,205.0,174.86,3876.0,3306.142,96.0,81.887,50.947717391304366
SYC,Seychelles,2020,226.0,2284.905,0.0,0.0,226.0,2284.9029999999993,0.0,0.0,37.44647260273948
SYC,Seychelles,2020Q1,8.0,80.882,0.0,0.0,8.0,80.88,0.0,0.0,39.271764705882354
SYC,Seychelles,2020Q2,81.0,818.926,0.0,0.0,73.0,738.044,0.0,0.0,57.37824175824167
SYC,Seychelles,2020Q3,141.0,1425.538,0.0,0.0,60.0,606.6120000000001,0.0,0.0,23.69293478260872
SYC,Seychelles,2020Q4,226.0,2284.905,0.0,0.0,85.0,859.367,0.0,0.0,31.14760869565219
SYR,Syrian Arab Republic,2020,11434.0,625.639,711.0,38.904,11434.0,625.65,711.0,38.9,61.22463157894724
SYR,Syrian Arab Republic,2020Q1,10.0,0.547,2.0,0.109,10.0,0.548,2.0,0.11,79.537
SYR,Syrian Arab Republic,2020Q2,279.0,15.266,9.0,0.492,269.0,14.719,7.0,0.385,79.83318681318664
SYR,Syrian Arab Republic,2020Q3,4200.0,229.813,200.0,10.943,3921.0,214.553,191.0,10.441999999999995,60.980108695652056
SYR,Syrian Arab Republic,2020Q4,11434.0,625.639,711.0,38.904,7234.0,395.8300000000002,511.0,27.963,41.07239130434779
TCD,Chad,2020,2113.0,124.919,104.0,6.148,2113.0,124.90100000000014,104.0,6.140000000000006,68.68718749999981
TCD,Chad,2020Q1,7.0,0.414,0.0,0.0,7.0,0.413,0.0,0.0,27.779999999999998
TCD,Chad,2020Q2,866.0,51.197,74.0,4.375,859.0,50.778999999999996,74.0,4.370000000000002,73.78747252747246
TCD,Chad,2020Q3,1200.0,70.943,85.0,5.025,334.0,19.735999999999997,11.0,0.6489999999999998,67.68989130434792
TCD,Chad,2020Q4,2113.0,124.919,104.0,6.148,913.0,53.97299999999999,19.0,1.1209999999999996,70.4199999999999
TGO,Togo,2020,3633.0,428.509,68.0,8.021,3633.0,428.5240000000002,68.0,8.024000000000003,56.567326732673166
TGO,Togo,2020Q1,34.0,4.01,1.0,0.118,34.0,4.011999999999999,1.0,0.118,32.835357142857156
TGO,Togo,2020Q2,650.0,76.667,14.0,1.651,616.0,72.66900000000001,13.0,1.5339999999999994,68.36626373626368
TGO,Togo,2020Q3,1784.0,210.421,48.0,5.662,1134.0,133.75499999999997,34.0,4.011999999999999,49.666739130434806
TGO,Togo,2020Q4,3633.0,428.509,68.0,8.021,1849.0,218.08800000000008,20.0,2.3599999999999994,59.01999999999996
THA,Thailand,2020,6884.0,98.412,61.0,0.872,6880.0,98.33800000000002,61.0,0.8690000000000003,46.38520661157019
THA,Thailand,2020Q1,1651.0,23.602,10.0,0.143,1647.0,23.543,10.0,0.14200000000000002,12.647499999999997
THA,Thailand,2020Q2,3171.0,45.332,58.0,0.829,1520.0,21.723999999999982,48.0,0.6850000000000003,71.45846153846156
THA,Thailand,2020Q3,3564.0,50.95,59.0,0.843,393.0,5.610999999999998,1.0,0.014,50.151086956521766
THA,Thailand,2020Q4,6884.0,98.412,61.0,0.872,3320.0,47.459999999999994,2.0,0.028,50.089456521739145
TJK,Tajikistan,2020,13665.0,1401.592,90.0,9.231,13665.0,1401.5890000000002,90.0,9.249999999999991,48.4037551020409
TJK,Tajikistan,2020Q2,5900.0,605.151,52.0,5.334,5900.0,605.1549999999997,52.0,5.336999999999999,57.11934426229508
TJK,Tajikistan,2020Q3,9726.0,997.577,75.0,7.693,3826.0,392.42099999999994,23.0,2.3690000000000007,48.4386956521739
TJK,Tajikistan,2020Q4,13665.0,1401.592,90.0,9.231,3939.0,404.0130000000002,15.0,1.544,42.59000000000005
TLS,Timor-Leste,2020,44.0,32.741,0.0,0.0,44.0,32.738,0.0,0.0,38.947929824561555
TLS,Timor-Leste,2020Q1,1.0,0.744,0.0,0.0,1.0,0.744,0.0,0.0,46.669
TLS,Timor-Leste,2020Q2,24.0,17.859,0.0,0.0,23.0,17.113,0.0,0.0,56.81758241758242
TLS,Timor-Leste,2020Q3,28.0,20.835,0.0,0.0,4.0,2.976,0.0,0.0,29.428913043478335
TLS,Timor-Leste,2020Q4,44.0,32.741,0.0,0.0,16.0,11.905000000000001,0.0,0.0,29.952282608695693
TTO,Trinidad and Tobago,2020,7150.0,5094.864,127.0,90.496,7150.0,5094.878,127.0,90.51299999999985,72.10610921501717
TTO,Trinidad and Tobago,2020Q1,87.0,61.993,3.0,2.138,87.0,61.995000000000005,3.0,2.139,60.08277777777778
TTO,Trinidad and Tobago,2020Q2,130.0,92.634,8.0,5.701,43.0,30.643000000000004,5.0,3.564,81.45164835164823
TTO,Trinidad and Tobago,2020Q3,4531.0,3228.648,76.0,54.155,4401.0,3136.014999999999,68.0,48.45899999999999,68.58086956521751
TTO,Trinidad and Tobago,2020Q4,7150.0,5094.864,127.0,90.496,2619.0,1866.2250000000008,51.0,36.35100000000001,68.73978260869568
TUN,Tunisia,2020,139140.0,11657.402,4676.0,391.764,139140.0,11657.406000000006,4676.0,391.77200000000016,53.78590759075906
TUN,Tunisia,2020Q1,394.0,33.01,10.0,0.838,394.0,33.013,10.0,0.8400000000000001,53.00964285714286
TUN,Tunisia,2020Q2,1174.0,98.36,50.0,4.189,780.0,65.35400000000003,40.0,3.3550000000000013,71.83527472527476
TUN,Tunisia,2020Q3,18413.0,1542.675,265.0,22.202,17239.0,1444.312,215.0,18.016,25.541739130434774
TUN,Tunisia,2020Q4,139140.0,11657.402,4676.0,391.764,120727.0,10114.727000000004,4411.0,369.5610000000002,64.41315217391313
TUR,Turkey,2020,2208652.0,25971.084,20881.0,245.535,1385427.0,16290.949000000002,20881.0,245.52200000000002,63.932195945945985
TUR,Turkey,2020Q1,13531.0,159.108,214.0,2.516,13531.0,159.109,214.0,2.516,55.20380952380953
TUR,Turkey,2020Q2,199906.0,2350.653,5131.0,60.334,186375.0,2191.5459999999994,4917.0,57.81400000000003,72.04208791208801
TUR,Turkey,2020Q3,318663.0,3747.093,8195.0,96.363,118757.0,1396.4370000000001,3064.0,36.02400000000001,55.973586956521714
TUR,Turkey,2020Q4,2208652.0,25971.084,20881.0,245.535,1066764.0,12543.857,12686.0,149.168,65.86141304347824
TZA,"Tanzania, United Republic of",2020,509.0,8.277,21.0,0.341,509.0,8.277999999999999,21.0,0.342,28.78285223367692
TZA,"Tanzania, United Republic of",2020Q1,19.0,0.309,1.0,0.016,19.0,0.30900000000000005,1.0,0.016,37.78750000000001
TZA,"Tanzania, United Republic of",2020Q2,509.0,8.277,21.0,0.341,490.0,7.968999999999999,20.0,0.326,43.60175824175821
TZA,"Tanzania, United Republic of",2020Q3,509.0,8.277,21.0,0.341,0.0,0.0,0.0,0.0,26.77010869565217
TZA,"Tanzania, United Republic of",2020Q4,509.0,8.277,21.0,0.341,0.0,0.0,0.0,0.0,14.571739130434782
UGA,Uganda,2020,35216.0,747.312,251.0,5.326,35216.0,747.3169999999999,251.0,5.309999999999997,75.54657342657372
UGA,Uganda,2020Q1,44.0,0.934,0.0,0.0,44.0,0.934,0.0,0.0,65.48545454545454
UGA,Uganda,2020Q2,889.0,18.865,0.0,0.0,845.0,17.929000000000002,0.0,0.0,89.31626373626383
UGA,Uganda,2020Q3,8129.0,172.504,75.0,1.592,7240.0,153.64399999999998,75.0,1.582,82.26652173913023
UGA,Uganda,2020Q4,35216.0,747.312,251.0,5.326,27087.0,574.81,176.0,3.727999999999999,56.4095652173913
UKR,Ukraine,2020,1086997.0,25007.51,19281.0,443.58,1086997.0,25007.507999999994,19281.0,443.55800000000016,63.94269736842111
UKR,Ukraine,2020Q1,645.0,14.839,17.0,0.391,645.0,14.838000000000001,17.0,0.391,58.1737931034483
UKR,Ukraine,2020Q2,45254.0,1041.116,1173.0,26.986,44609.0,1026.2790000000002,1156.0,26.588000000000008,80.08351648351656
UKR,Ukraine,2020Q3,214446.0,4933.556,4221.0,97.109,169192.0,3892.4359999999992,3048.0,70.10399999999998,54.44380434782609
UKR,Ukraine,2020Q4,1086997.0,25007.51,19281.0,443.58,872551.0,20073.955000000005,15060.0,346.4750000000001,59.29467391304352
URY,Uruguay,2020,19119.0,5485.844,181.0,51.935,19119.0,5485.853999999999,181.0,51.94300000000001,50.040918367347025
URY,Uruguay,2020Q1,338.0,96.983,1.0,0.287,338.0,96.985,1.0,0.287,55.26315789473684
URY,Uruguay,2020Q2,936.0,268.568,27.0,7.747,598.0,171.59200000000016,26.0,7.461999999999999,62.066813186813164
URY,Uruguay,2020Q3,2046.0,587.062,48.0,13.773,1110.0,318.49500000000006,21.0,6.026999999999999,38.838478260869536
URY,Uruguay,2020Q4,19119.0,5485.844,181.0,51.935,17073.0,4898.781999999999,133.0,38.16700000000001,48.269673913043455
USA,United States,2020,20193089.0,60655.376,351754.0,1056.588,20193088.0,60655.37699999997,351754.0,1056.5899999999997,59.58255072463729
USA,United States,2020Q1,192079.0,576.961,5359.0,16.097,192078.0,576.9580000000001,5359.0,16.096,22.495571428571438
USA,United States,2020Q2,2644833.0,7944.468,127365.0,382.575,2452754.0,7367.508,122006.0,366.47599999999983,72.03769230769218
USA,United States,2020Q3,7241380.0,21751.433,206880.0,621.42,4596547.0,13806.969000000001,79515.0,238.84800000000004,66.55586956521745
USA,United States,2020Q4,20193089.0,60655.376,351754.0,1056.588,12951709.0,38903.94199999999,144874.0,435.1700000000001,68.50782608695661
UZB,Uzbekistan,2020,77060.0,2270.761,614.0,18.093,77060.0,2270.7630000000004,614.0,18.067999999999994,61.42065068493162
UZB,Uzbekistan,2020Q1,172.0,5.068,2.0,0.059,172.0,5.0680000000000005,2.0,0.058,70.69823529411764
UZB,Uzbekistan,2020Q2,8503.0,250.562,26.0,0.766,8331.0,245.48999999999992,24.0,0.6980000000000002,83.24043956043953
UZB,Uzbekistan,2020Q3,56717.0,1671.305,470.0,13.85,48214.0,1420.7449999999997,444.0,13.077999999999994,58.70630434782618
UZB,Uzbekistan,2020Q4,77060.0,2270.761,614.0,18.093,20343.0,599.4599999999998,144.0,4.234000000000001,40.83804347826085
VCT,St. Vincent and the Grenadines,2020,121.0,1087.455,0.0,0.0,121.0,1087.4439999999995,0.0,0.0,0.0
VCT,St. Vincent and the Grenadines,2020Q1,1.0,8.987,0.0,0.0,1.0,8.987,0.0,0.0,0.0
VCT,St. Vincent and the Grenadines,2020Q2,29.0,260.63,0.0,0.0,28.0,251.63999999999996,0.0,0.0,0.0
VCT,St. Vincent and the Grenadines,2020Q3,64.0,575.183,0.0,0.0,35.0,314.549,0.0,0.0,0.0
VCT,St. Vincent and the Grenadines,2020Q4,121.0,1087.455,0.0,0.0,57.0,512.268,0.0,0.0,0.0
VEN,Venezuela,2020,113558.0,3956.043,1028.0,35.813,113558.0,3956.055,1028.0,35.82799999999999,84.15894197952187
VEN,Venezuela,2020Q1,135.0,4.703,3.0,0.105,135.0,4.702999999999999,3.0,0.10500000000000001,78.2938888888889
VEN,Venezuela,2020Q2,5832.0,203.171,51.0,1.777,5697.0,198.46999999999997,48.0,1.6790000000000003,82.56219780219769
VEN,Venezuela,2020Q3,75122.0,2617.04,628.0,21.878,69290.0,2413.876,577.0,20.11099999999999,84.9347826086956
VEN,Venezuela,2020Q4,113558.0,3956.043,1028.0,35.813,38436.0,1339.0059999999999,400.0,13.932999999999996,86.11000000000008
VNM,Vietnam,2020,1465.0,14.923,35.0,0.357,1465.0,14.911999999999997,35.0,0.355,61.437034883720955
VNM,Vietnam,2020Q1,212.0,2.16,0.0,0.0,212.0,2.1590000000000007,0.0,0.0,42.45724637681159
VNM,Vietnam,2020Q2,355.0,3.616,0.0,0.0,143.0,1.4529999999999998,0.0,0.0,74.50582417582409
VNM,Vietnam,2020Q3,1094.0,11.144,35.0,0.357,739.0,7.5239999999999965,35.0,0.355,70.69717391304359
VNM,Vietnam,2020Q4,1465.0,14.923,35.0,0.357,371.0,3.7759999999999985,0.0,0.0,53.485000000000056
VUT,Vanuatu,2020,1.0,3.18,0.0,0.0,1.0,3.18,0.0,0.0,29.918461538461507
VUT,Vanuatu,2020Q4,1.0,3.18,0.0,0.0,1.0,3.18,0.0,0.0,29.918461538461507
WSM,Samoa,2020,2.0,9.993,0.0,0.0,2.0,9.992,0.0,0.0,0.0
WSM,Samoa,2020Q4,2.0,9.993,0.0,0.0,2.0,9.992,0.0,0.0,0.0
YEM,Yemen,2020,2099.0,68.841,610.0,20.006,2099.0,68.85300000000008,610.0,20.01700000000002,38.366917293232966
YEM,Yemen,2020Q2,1158.0,37.979,312.0,10.233,1158.0,37.982,312.0,10.232000000000003,63.369024390243915
YEM,Yemen,2020Q3,2034.0,66.709,587.0,19.252,876.0,28.732999999999993,275.0,9.026000000000002,34.06717391304353
YEM,Yemen,2020Q4,2099.0,68.841,610.0,20.006,65.0,2.1379999999999995,23.0,0.7590000000000003,20.38217391304349
ZAF,South Africa,2020,1057161.0,17607.026,28469.0,474.151,1057161.0,17607.024000000005,28469.0,474.15199999999993,60.241914893616936
ZAF,South Africa,2020Q1,1353.0,22.534,5.0,0.083,1353.0,22.535999999999998,5.0,0.084,23.767037037037035
ZAF,South Africa,2020Q2,151209.0,2518.387,2657.0,44.252,149856.0,2495.8509999999997,2652.0,44.17,83.32230769230789
ZAF,South Africa,2020Q3,674339.0,11231.122,16734.0,278.705,523130.0,8712.731000000005,14077.0,234.45400000000004,73.4902173913044
ZAF,South Africa,2020Q4,1057161.0,17607.026,28469.0,474.151,382822.0,6375.905999999999,11735.0,195.444,45.573260869565225
ZMB,Zambia,2020,20725.0,1095.364,388.0,20.507,20725.0,1095.3700000000015,388.0,20.51900000000002,47.912941176470795
ZMB,Zambia,2020Q1,35.0,1.85,0.0,0.0,35.0,1.8499999999999999,0.0,0.0,32.93785714285715
ZMB,Zambia,2020Q2,1594.0,84.247,24.0,1.268,1559.0,82.39599999999999,24.0,1.2710000000000001,49.74010989010989
ZMB,Zambia,2020Q3,14759.0,780.047,332.0,17.547,13165.0,695.8030000000002,308.0,16.28400000000001,50.05239130434779
ZMB,Zambia,2020Q4,20725.0,1095.364,388.0,20.507,5966.0,315.321,56.0,2.9639999999999986,46.24499999999996
ZWE,Zimbabwe,2020,13867.0,918.821,363.0,24.052,13867.0,918.819,363.0,24.052999999999994,75.82592334494753
ZWE,Zimbabwe,2020Q1,8.0,0.53,1.0,0.066,8.0,0.531,1.0,0.066,55.01583333333334
ZWE,Zimbabwe,2020Q2,591.0,39.159,7.0,0.464,583.0,38.628,6.0,0.397,82.93428571428569
ZWE,Zimbabwe,2020Q3,7838.0,519.342,228.0,15.107,7247.0,480.1830000000001,221.0,14.646000000000004,77.89086956521754
ZWE,Zimbabwe,2020Q4,13867.0,918.821,363.0,24.052,6029.0,399.477,135.0,8.943999999999997,69.4442391304348
