country_code,time_code,inflation,nominal_gdp,real_gdp,exchange_rate,labor_force,tariff,time
ABW,YR2019,4.25746204335428,,,1.79,,10.92,2019
ABW,YR2020,,,,1.79,,,2020
AFE,YR2019,4.12435072486239,1009909855421.84,1006679813065.29,,275388843.0,,2019
AFE,YR2020,5.19145571718405,920792331527.746,977091625151.706,,276248621.0,,2020
AFG,YR2019,2.30237251516844,18799450742.7823,21118462796.7609,77.7379491783367,10382034.0,,2019
AFG,YR2020,,20116137325.8206,20621946475.7248,76.8135364354897,9416829.0,,2020
AFW,YR2019,1.75856517595659,794572474605.872,827963431037.275,,152714790.0,,2019
AFW,YR2020,2.43130769502035,784587603322.866,820636112652.497,,154413014.0,,2020
AGO,YR2019,17.0812152138993,89417190341.2533,110072586683.261,364.825804980887,13116712.0,8.65,2019
AGO,YR2020,,58375976292.9678,104128680882.974,578.258780280111,13415460.0,10.51,2020
ALB,YR2019,1.41109078954248,15400242874.8812,12970913827.5704,109.850833333333,1421853.0,1.47,2019
ALB,YR2020,1.62088661717004,14887629268.2927,12457862570.9615,108.65,1357322.0,1.45,2020
AND,YR2019,,3155065487.51819,3008955096.59511,,,,2019
AND,YR2020,,,2649303923.74954,,,,2020
ARB,YR2019,1.09184802655847,2776468692322.96,2681441590769.14,,134425264.0,,2019
ARB,YR2020,1.77740783806174,2447584445275.52,2539812021283.6,,133947057.0,,2020
ARE,YR2019,-1.93108114782171,417215559513.364,395103837869.753,3.6725,6598173.0,4.24,2019
ARE,YR2020,-2.0794031794094,358868765174.924,370866189764.806,3.6725,6376718.0,4.19,2020
ARG,YR2019,,451932356085.842,571304530654.919,48.1478916666667,20429749.0,12.18,2019
ARG,YR2020,,389288056265.325,514772410744.886,70.5391666666667,19208592.0,12.19,2020
ARM,YR2019,1.44344660770702,13619291361.2814,12867495686.1153,480.445128767119,1267732.0,6.3,2019
ARM,YR2020,1.21143577838465,12641209802.112,11915301005.3428,489.008858590915,1202591.0,4.81,2020
ASM,YR2019,,648000000.0,628818320.610687,,,,2019
ASM,YR2020,,709000000.0,653477862.59542,,,,2020
ATG,YR2019,1.43135598182989,1687533333.33333,1630215842.3024,2.7,,12.39,2019
ATG,YR2020,0.625989707046698,1370281481.48148,1301036618.29788,2.7,,12.39,2020
AUS,YR2019,1.61076787290379,1391952510370.48,1491025040336.15,1.43850654421382,13504175.0,2.03,2019
AUS,YR2020,0.846905537459293,1327836171068.51,1490967836287.24,1.45308511847016,13481621.0,1.97,2020
AUT,YR2019,1.53089564152645,445011872704.47,414257026093.423,,4666182.0,2.55,2019
AUT,YR2020,1.38191063351859,433258467676.515,386358828359.98,,4637991.0,1.71,2020
AZE,YR2019,2.61057182799216,48174235294.1176,53612524527.3911,1.7,5103475.0,15.32,2019
AZE,YR2020,2.75980947008126,42607176470.5882,51307185972.7133,1.7,4846887.0,9.11,2020
BDI,YR2019,-0.686772170797229,2631434363.22693,3209182941.33059,1845.62289069697,4969385.0,11.78,2019
BDI,YR2020,7.32110643415513,2841786382.19063,3218732735.47832,1915.04617583333,5089758.0,11.78,2020
BEL,YR2019,1.43681956996435,535288715239.999,494644115983.888,,5182914.0,2.55,2019
BEL,YR2020,0.740791812220385,521861292586.616,466648941451.321,,5160979.0,1.71,2020
BEN,YR2019,-0.70502663454275,14391686632.7821,14179807326.7156,585.950813757156,4877483.0,11.67,2019
BEN,YR2020,3.02272119663756,15651545331.5404,14725558673.4836,574.294549649046,4985420.0,11.67,2020
BFA,YR2019,-3.23338933983321,16178162030.0694,15001629028.4851,585.911013180369,7354219.0,11.41,2019
BFA,YR2020,1.88443993781985,17933606353.1775,15291209207.4632,575.586004510945,7534642.0,11.0,2020
BGD,YR2019,5.59199639930633,302571320445.75,261518503633.701,84.4535225,69229775.0,12.19,2019
BGD,YR2020,5.6910747474621,323056957972.312,270695543283.145,84.8713916666667,68412678.0,12.53,2020
BGR,YR2019,3.10372944796774,68915416141.9576,57443866470.1882,1.74704166666667,3367271.0,2.55,2019
BGR,YR2020,1.67244096855762,69889347433.4324,54923717977.7828,1.71633333333333,3286415.0,1.71,2020
BHR,YR2019,1.00582004702132,38652579787.234,34985241938.6953,0.376,964133.0,3.68,2019
BHR,YR2020,-2.31770629331374,34729228723.4043,33206179338.0924,0.376,972372.0,3.59,2020
BHS,YR2019,2.49123527368055,13164400000.0,12516819004.1803,1.0,220584.0,,2019
BHS,YR2020,0.0385210980053727,9907500000.0,10700067637.535,1.0,204715.0,,2020
BIH,YR2019,0.562782154061303,20201323260.0733,18413845946.1771,1.74708646136073,1177070.0,5.32,2019
BIH,YR2020,-1.05129600763481,19946496562.9733,17825164473.5196,1.71697049519219,1193956.0,2.95,2020
BLR,YR2019,5.59815595039852,64409647193.8044,59013474192.6442,2.09178333333333,5028781.0,7.93,2019
BLR,YR2020,5.54814357456511,60258239055.5829,58482352924.7647,2.439575,4971927.0,5.15,2020
BLZ,YR2019,,1982518540.6134,1835056955.71673,2.0,175539.0,10.88,2019
BLZ,YR2020,,1636280797.08056,1577955710.95098,2.0,170828.0,11.76,2020
BMU,YR2019,,7484113000.0,6851270046.39601,1.0,,39.96,2019
BMU,YR2020,,6842700000.0,6416619976.78948,1.0,,22.26,2020
BOL,YR2019,1.83954504969032,40895322843.7851,38193230057.6737,6.91,5645342.0,9.95,2019
BOL,YR2020,0.940742153381823,36572764862.8234,34820961246.5927,6.91,5251670.0,9.95,2020
BRA,YR2019,3.73297621216894,1877824273720.78,1823105452462.95,3.9444710972507,104376954.0,13.43,2019
BRA,YR2020,3.21176803803379,1444733258971.65,1749104722085.75,5.15517878751281,96539743.0,13.55,2020
BRB,YR2019,4.10028964518463,5209000000.0,4822013073.75235,2.0,148325.0,,2019
BRB,YR2020,,4418000000.0,3906818634.5026,2.0,141940.0,10.18,2020
BRN,YR2019,-0.390522069165492,13469422958.5105,13278836553.322,1.36421851405475,215967.0,0.15,2019
BRN,YR2020,1.94031996607178,12005825769.5087,13429361905.7745,1.37970342971399,216798.0,0.15,2020
BTN,YR2019,2.72706302488699,2535657068.96575,2470944511.92544,70.4203405359551,355850.0,8.13,2019
BTN,YR2020,5.62939875262389,2315437338.08809,2221963713.91577,74.0995668836052,344741.0,7.63,2020
BWA,YR2019,2.7728644286333,16593720655.6402,16188225469.2536,10.7558666666667,919329.0,8.19,2019
BWA,YR2020,1.89035916824198,15061922801.6271,14813376718.8645,11.4562416666667,950933.0,7.69,2020
CAF,YR2019,2.68537355266785,2220307368.69593,1984982171.73544,585.911013180369,1907420.0,,2019
CAF,YR2020,2.30368378868849,2380087758.04137,2001437872.50299,575.586004510945,1933193.0,,2020
CAN,YR2019,1.94926902411596,1742015045482.31,1696163077026.08,1.32679336266012,20788261.0,2.1,2019
CAN,YR2020,0.716999632307852,1645423407568.36,1607402450990.09,1.34115267222386,20492683.0,1.87,2020
CEB,YR2019,2.66456133425443,1673863310975.42,1519932999983.23,,49399391.0,,2019
CEB,YR2020,1.67244096855762,1653247533863.81,1461963666819.18,,49124575.0,,2020
CHE,YR2019,0.362886179940635,731767398052.879,758167874591.909,0.993709166666667,4976748.0,5.41,2019
CHE,YR2020,-0.725874933313391,752248045730.11,740026236249.648,0.938965,4985008.0,3.96,2020
CHI,YR2019,,,,,87761.0,,2019
CHI,YR2020,,,,,87828.0,,2020
CHL,YR2019,2.55754475703323,279385487344.492,262807032486.856,702.897422561529,9090403.0,1.04,2019
CHL,YR2020,3.04549084804331,252940023046.007,247639120221.183,792.727206103168,8537487.0,1.03,2020
CHN,YR2019,2.89923416358227,14279937467431.0,14296238286985.1,6.90838500992901,800020955.0,5.39,2019
CHN,YR2020,2.4194218945778,14722730697890.1,14631844421164.2,6.90076726944925,792401719.0,5.32,2020
CIV,YR2019,-1.10686343994202,58539424929.7248,59861589342.7008,585.911013180369,8385280.0,12.13,2019
CIV,YR2020,2.42500656821829,61348579465.1017,61033878289.1137,575.586004510945,8549394.0,12.13,2020
CMR,YR2019,2.45280214062733,39670977332.7348,37502066705.0088,585.911013180369,11333454.0,18.56,2019
CMR,YR2020,2.43760882182242,40804449726.0184,37686544899.7458,575.586004510945,11575786.0,,2020
COD,YR2019,,50400747050.496,44487657807.0092,1647.76012727639,30907455.0,12.02,2019
COD,YR2020,,48716960860.0664,45259706747.5848,1851.12216183261,31465473.0,11.57,2020
COG,YR2019,2.20607305781522,12750339022.9512,9643515879.79193,585.911013180369,2134000.0,,2019
COG,YR2020,1.81765496949938,10187122341.4051,8877391999.21642,575.586004510945,2129699.0,,2020
COL,YR2019,3.52549273618952,323429888934.257,321687568559.233,3280.83163119763,26284990.0,2.85,2019
COL,YR2020,2.52462053498877,271437596293.843,299826459539.862,3694.85407196453,24826218.0,2.52,2020
COM,YR2019,,1192559739.37288,1092787840.36505,439.463110317867,228115.0,12.47,2019
COM,YR2020,,1235400352.2931,1091379941.82261,430.720912236785,228922.0,12.17,2020
CPV,YR2019,1.10750930553813,1981845740.70615,1915123782.86887,98.4951785878976,225349.0,14.51,2019
CPV,YR2020,0.605795758089712,1703698676.69742,1632003277.60234,96.7957427869885,211873.0,13.71,2020
CRI,YR2019,2.09604635327805,64072870931.603,64281157838.9224,587.294595686124,2482184.0,3.22,2019
CRI,YR2020,0.724911478131358,61846895120.7808,61668979511.3658,584.900854962304,2368243.0,3.05,2020
CSS,YR2019,1.43135598182989,76173669481.1443,74283427277.9706,,3363622.0,,2019
CSS,YR2020,0.0385210980053727,66039332389.2884,68220930221.5678,,3230210.0,,2020
CUB,YR2019,,103428000000.0,91019611431.1927,,5345330.0,10.52,2019
CUB,YR2020,,107352000000.0,81054474018.3486,,5099652.0,10.6,2020
CUW,YR2019,2.62220783425056,3101787709.49721,2898092042.62992,1.79,,,2019
CUW,YR2020,,2595821708.81313,2364843106.78602,1.79,,,2020
CYM,YR2019,,5935769350.77403,5425515180.60722,0.83333,,,2019
CYM,YR2020,,5591623664.9466,5060362414.49658,0.83333,,,2020
CYP,YR2019,0.250370996758456,25758357774.5438,24880804888.1512,,628547.0,2.55,2019
CYP,YR2020,-0.638422797978907,24612646487.7213,23579790561.3669,,631523.0,1.71,2020
CZE,YR2019,2.84787595918047,252498032247.163,215594735504.853,22.93225,5430539.0,2.55,2019
CZE,YR2020,3.16129528497808,245339322066.759,203094954011.891,23.21025,5389008.0,1.71,2020
DEU,YR2019,1.4456670146976,3888326788627.44,3598891541091.34,,44351163.0,2.55,2019
DEU,YR2020,0.506689889953274,3846413928653.71,3434435991589.48,,44120268.0,1.71,2020
DJI,YR2019,3.31925372703833,3324615549.09099,3191833262.48686,177.721,221057.0,,2019
DJI,YR2020,1.77740783806174,3384385216.71609,3207792428.79929,177.721,220818.0,,2020
DMA,YR2019,1.50462353858147,611537037.037037,568298267.854584,2.7,,,2019
DMA,YR2020,-0.727116412668306,504214814.814815,473932843.206578,2.7,,10.36,2020
DNK,YR2019,0.758131572511619,347561349210.979,334638192450.446,6.669446615,3031682.0,2.55,2019
DNK,YR2020,0.420711974110026,356084867685.639,327737534762.376,6.54215220416667,3027786.0,1.71,2020
DOM,YR2019,1.8106037704296,88941299733.5018,89287391492.9192,51.2948583333333,5060916.0,,2019
DOM,YR2020,3.78103179915516,78844702329.0785,83287065054.8355,56.5245333333333,4750336.0,6.06,2020
DZA,YR2019,1.95176821052894,171767403748.19,177180346401.967,119.353558333333,12500369.0,12.49,2019
DZA,YR2020,2.41513094083414,145009181490.62,168144148735.467,126.7768,12102616.0,12.52,2020
EAP,YR2019,2.21142679774809,17135404533968.4,17016933263759.9,,1150699608.0,,2019
EAP,YR2020,2.52732537169944,17448894596355.7,17251524473606.1,,1140244494.0,,2020
EAR,YR2019,2.76252019386107,11527336323652.6,11703037495097.2,,1281285044.0,,2019
EAR,YR2020,2.95192253170021,10668243564848.3,11175750002752.6,,1236942618.0,,2020
EAS,YR2019,1.63485544012242,26981455514224.5,26302619575881.9,,1284901213.0,,2019
EAS,YR2020,0.846905537459293,27097404937164.8,26267553268938.6,,1273798743.0,,2020
ECA,YR2019,2.88986073718333,3493926388854.03,3468157804813.19,,191894093.0,,2019
ECA,YR2020,2.68178260302086,3222403620453.33,3414610834793.28,,187737832.0,,2020
ECS,YR2019,1.76373586528838,22934004820241.6,22365520285914.6,,439896583.0,,2019
ECS,YR2020,1.19998396936025,22121578723066.8,21117435294287.1,,433832208.0,,2020
ECU,YR2019,0.266012515466136,108108009000.0,101702140245.144,1.0,8312171.0,9.8,2019
ECU,YR2020,-0.338872392562274,98808010000.0,93820098898.9847,1.0,7697701.0,8.88,2020
EGY,YR2019,9.15279959324812,303080865603.645,398037429245.42,16.7705818428763,28036701.0,14.43,2019
EGY,YR2020,5.04493288977533,365252651278.852,412246049856.462,15.7591729166667,27870211.0,,2020
EMU,YR2019,1.4456670146976,13413568065812.5,12615961472339.9,0.893276257067393,166813675.0,,2019
EMU,YR2020,0.290554555653313,13021049031268.7,11809269007804.4,0.875506396987983,165030743.0,,2020
ERI,YR2019,,,,15.075,1632029.0,,2019
ERI,YR2020,,,,15.075,1569813.0,,2020
ESP,YR2019,0.699536241717015,1393046093137.25,1324028319783.9,,23320287.0,2.55,2019
ESP,YR2020,-0.322671032810725,1281484640043.58,1180730237585.72,,22986373.0,1.71,2020
EST,YR2019,2.27725931243518,31045591753.4901,27068147756.8566,,705527.0,2.55,2019
EST,YR2020,-0.444531097679859,30650285471.7215,26269347954.8905,,707220.0,1.71,2020
ETH,YR2019,15.840322039584,95912590628.1412,89640020508.4013,29.06975,53950175.0,,2019
ETH,YR2020,,107645054311.876,95069173939.2885,34.9271654040404,53546648.0,,2020
EUU,YR2019,1.63052260754338,15689357247344.5,14765116523492.0,,217761997.0,2.55,2019
EUU,YR2020,0.497367318853562,15291934754441.6,13885761156173.9,,215755181.0,1.71,2020
FCS,YR2019,2.37758732789788,1661765815317.45,1720631743301.35,,326739929.0,,2019
FCS,YR2020,2.86167969542097,1508644836830.91,1639111718273.71,,325931460.0,,2020
FIN,YR2019,1.02409392963429,268508200125.49,254637296103.695,,2755452.0,2.55,2019
FIN,YR2020,0.290554555653313,269594831987.549,247507105783.956,,2746821.0,1.71,2020
FJI,YR2019,1.7731018246027,5496264766.37285,5223164712.00555,2.16039311531464,361022.0,20.84,2019
FJI,YR2020,-2.5952432588737,4533883782.27458,4402511310.87186,2.16880492424242,361639.0,14.97,2020
FRA,YR2019,1.10825492288292,2728870246705.88,2615760319962.67,,30551690.0,2.55,2019
FRA,YR2020,0.476498852725083,2630317731455.26,2410285649514.37,,30261152.0,1.71,2020
FRO,YR2019,,3126293219.77989,,,,,2019
FRO,YR2020,,,,,,,2020
FSM,YR2019,,408057100.0,332458532.270118,1.0,,,2019
FSM,YR2020,,410083600.0,326589258.966469,1.0,,,2020
GAB,YR2019,2.46456756151187,16874405839.7948,15460241608.8257,585.911013180369,664205.0,18.65,2019
GAB,YR2020,1.17681176042119,15316826191.5682,15176119328.9266,575.586004510945,673089.0,,2020
GBR,YR2019,1.73810460086511,2878673912414.44,3191493407624.4,0.783445110011929,34776798.0,2.55,2019
GBR,YR2020,0.98948670377243,2759804061837.07,2891615580463.42,0.779999576697153,34749413.0,1.88,2020
GEO,YR2019,4.85289821696731,17477255562.2583,17757903230.0709,2.818145,1872142.0,,2019
GEO,YR2020,5.2024648897533,15846489610.8073,16557390869.4311,3.10901666666667,1757571.0,0.27,2020
GHA,YR2019,7.14364003330856,68337537815.7703,62465709576.1815,5.21736666666667,13159208.0,12.44,2019
GHA,YR2020,9.88728956269943,68532281805.6722,62724594622.7784,5.59570833333333,13364617.0,12.84,2020
GIB,YR2019,,,,0.783445110011929,,,2019
GIB,YR2020,,,,0.779999576697153,,,2020
GIN,YR2019,9.47077937313535,13513809258.2131,12078653011.9638,9183.87586390984,4588010.0,12.67,2019
GIN,YR2020,10.6018600008336,15681050917.1563,12922776921.3699,9565.08218343833,4614181.0,13.15,2020
GMB,YR2019,7.11567625631191,1812529104.61923,1676447055.8329,50.0624613684222,770377.0,,2019
GMB,YR2020,5.93127636562439,1868086274.822,1672833037.60516,51.5016603661723,768986.0,13.85,2020
GNB,YR2019,0.246600268147853,1439638443.38133,1248729327.89726,585.911013180369,791905.0,12.66,2019
GNB,YR2020,,1431758242.90375,1218759824.0375,575.586004510945,806753.0,13.2,2020
GNQ,YR2019,1.23869860205109,11417278044.9859,9998462337.55955,585.911013180369,476710.0,,2019
GNQ,YR2020,4.76970498098298,10021856754.4944,9509201933.42394,575.586004510945,483616.0,,2020
GRC,YR2019,0.252978044454509,205144152830.847,203669187367.386,,4796764.0,2.55,2019
GRC,YR2020,-1.24795187701348,188835201625.91,185300000452.356,,4718643.0,1.71,2020
GRD,YR2019,0.59814976473601,1212694407.40741,1134931073.15504,2.7,,10.55,2019
GRD,YR2020,-0.740732597045501,1042100555.55556,979357778.228225,2.7,,,2020
GRL,YR2019,,2982247278.61577,2710570656.36234,,,,2019
GRL,YR2020,,,,,,,2020
GTM,YR2019,3.69998398008601,77020015201.3201,70634110391.9779,7.69669833333333,6707594.0,,2019
GTM,YR2020,3.21444062197346,77604632170.5853,69560946554.6216,7.72165,6387537.0,2.6,2020
GUM,YR2019,,6364000000.0,5966796360.32757,,79375.0,,2019
GUM,YR2020,,5844000000.0,5259729936.30573,,77405.0,,2020
GUY,YR2019,2.0872308916202,5173760191.84652,5071041645.23612,208.5,306151.0,9.48,2019
GUY,YR2020,0.993337022838757,5471256594.72422,7275908034.11422,208.5,293720.0,9.4,2020
HIC,YR2019,1.53089564152645,55045647599804.8,52180038375130.5,,616817845.0,,2019
HIC,YR2020,0.521974141314377,53461077539109.3,49838404540554.0,,611029838.0,,2020
HKG,YR2019,2.8832085377399,363016373358.517,331749697713.935,7.83591666666667,3986050.0,0.0,2019
HKG,YR2020,0.250962021080809,346585881503.635,311574446723.543,7.75725,3891456.0,0.0,2020
HND,YR2019,4.36587159819272,24915522849.1544,24191028957.12,24.5085389148926,4238924.0,,2019
HND,YR2020,3.46841177951168,23662231633.9139,22022361225.0611,24.5818805172846,4089919.0,3.9,2020
HPC,YR2019,2.68537355266785,789831743959.288,788661392496.297,,317690997.0,,2019
HPC,YR2020,3.46841177951168,797697289590.406,791667206680.832,,319466094.0,,2020
HRV,YR2019,0.771820346498083,62246206340.5469,57190160216.5408,6.62254516666667,1774837.0,2.55,2019
HRV,YR2020,0.154811374562028,57203783203.0259,52557893779.4932,6.6140555,1764961.0,1.71,2020
HTI,YR2019,18.7037825672506,14785839382.9002,15474153940.1499,88.8149661769193,4982122.0,,2019
HTI,YR2020,22.7963113642528,14508218017.4032,14956795315.4134,93.5098072136213,4955980.0,6.39,2020
HUN,YR2019,3.3385863538201,163526491433.29,146968695014.007,290.66,4774046.0,2.55,2019
HUN,YR2020,3.3267438576673,155808436238.487,140096898857.097,307.996666666667,4748278.0,1.71,2020
IBD,YR2019,2.59801620311075,31184076970102.0,30947573002709.4,,2205647851.0,,2019
IBD,YR2020,2.52462053498877,29900583521576.8,30483038482833.4,,2142960988.0,,2020
IBT,YR2019,2.64328192719554,33422564858176.3,33299134680470.5,,2847101496.0,,2019
IBT,YR2020,2.75980947008126,32139314724146.1,32832147666408.9,,2784841982.0,,2020
IDA,YR2019,2.68537355266785,2239335266065.3,2351178159930.13,,641453645.0,,2019
IDA,YR2020,3.37935120374747,2239424393002.2,2348587274686.42,,641880994.0,,2020
IDB,YR2019,1.98958744120896,998391254201.582,1121954012747.96,,196264418.0,,2019
IDB,YR2020,1.21172536379455,961669400838.282,1107135693734.16,,197187866.0,,2020
IDN,YR2019,3.03058664969491,1119091259074.62,1049318966508.58,14147.6713605454,136202238.0,6.71,2019
IDN,YR2020,1.92096800566845,1058423838345.14,1027602854052.75,14582.2034678177,136459585.0,6.29,2020
IDX,YR2019,2.76252019386107,1240944011863.71,1229224147182.17,,445189227.0,,2019
IDX,YR2020,3.73811808264976,1278442378837.88,1241633716421.51,,444693128.0,,2020
IMN,YR2019,,7315388052.08067,8129451489.68678,0.783445110011929,,,2019
IMN,YR2020,,,,0.779999576697153,,,2020
IND,YR2019,3.7232764833053,2870504096717.77,2695611314661.46,70.4203405359551,482700285.0,10.21,2019
IND,YR2020,6.62343677628531,2660245248867.63,2500132192252.07,74.0995668836052,457779812.0,9.42,2020
INX,YR2019,,,,,,,2019
INX,YR2020,,,,,,,2020
IRL,YR2019,0.939044481054341,399122063504.148,370632118369.555,,2425468.0,2.55,2019
IRL,YR2020,-0.334584625428444,425888950992.003,392377013983.203,,2417208.0,1.71,2020
IRN,YR2019,39.9073455697783,258245497664.394,396745289342.132,42000.0,27293909.0,16.18,2019
IRN,YR2020,,203471303952.344,410188057889.547,42000.0,25884148.0,15.22,2020
IRQ,YR2019,-0.198965380023871,235097182233.503,202613535336.009,1182.0,10242316.0,,2019
IRQ,YR2020,0.574162679425838,166756984395.973,170857727944.571,1192.0,10368723.0,,2020
ISL,YR2019,3.01397179156056,24857740445.0401,20847341424.8856,122.606773601907,215408.0,1.17,2019
ISL,YR2020,2.84792401518658,21718075725.2054,19491448632.0679,135.421711629205,213413.0,,2020
ISR,YR2019,0.844128708733833,397934596952.56,353062816517.302,3.56452734661093,4146067.0,,2019
ISR,YR2020,-0.588430300016595,407100736594.064,345459861240.942,3.44240585198792,4110257.0,,2020
ITA,YR2019,0.611246943765291,2009383867307.45,1915994931005.09,,25875327.0,2.55,2019
ITA,YR2020,-0.13770757391657,1888709443687.48,1744731951797.4,,25137672.0,1.71,2020
JAM,YR2019,3.90510000865876,15830768549.8916,14934128282.7371,133.31211833796,1457091.0,,2019
JAM,YR2020,5.22677779293517,13812425036.5864,13440715454.4634,142.402832756013,1396688.0,9.0,2020
JOR,YR2019,0.761514047265513,44502895915.493,41755867661.2459,0.71,2633530.0,,2019
JOR,YR2020,0.33329435062843,43697659295.7747,41108073616.9012,0.71,2588725.0,5.23,2020
JPN,YR2019,0.468776159383912,5148781948478.17,4591290538384.75,109.009665900863,68551941.0,5.91,2019
JPN,YR2020,-0.0249958340276592,5057758958706.64,4380756530555.84,106.774582262437,68306177.0,2.31,2020
KAZ,YR2019,5.24547679608388,181667190075.541,211106972039.014,382.747310606061,9227219.0,5.39,2019
KAZ,YR2020,6.74900183815967,171082379532.988,205829297738.039,412.953333333333,9195720.0,4.17,2020
KEN,YR2019,5.23585999425422,100555485831.944,84125098675.5269,101.99129838935,23658574.0,13.08,2019
KEN,YR2020,5.40481467184518,101013726529.063,83859109642.7977,106.450780158517,24134840.0,13.69,2020
KGZ,YR2019,1.13362257718798,8871026074.19762,7920624102.90056,69.7893491807476,2555254.0,5.57,2019
KGZ,YR2020,6.32542296338083,7735976272.75983,7238139485.07632,77.3461127039303,2481602.0,3.85,2020
KHM,YR2019,1.94257500833109,27089389786.979,23760061873.2798,4061.14896313364,9221528.0,,2019
KHM,YR2020,2.94029514263973,25808561550.9514,23012192756.0004,4092.78321900878,9185555.0,8.2,2020
KIR,YR2019,-1.81307995302948,188391770.636764,195759870.68938,1.43850654421382,,,2019
KIR,YR2020,,197508774.344505,191947336.316123,1.45308511847016,,,2020
KNA,YR2019,-0.329562063663904,1164814814.81481,1136818536.07058,2.7,,14.3,2019
KNA,YR2020,-1.16724501769362,980740740.740741,973116706.099799,2.7,,10.03,2020
KOR,YR2019,0.38294613224406,1651422932447.77,1637850078348.95,1165.3575,28681530.0,,2019
KOR,YR2020,0.537258392675479,1637895802792.9,1623895080923.74,1180.26583333333,28444037.0,5.29,2020
KWT,YR2019,1.09184802655847,136196760210.804,114249382864.585,0.303611163035755,2453595.0,3.9,2019
KWT,YR2020,2.1017295482741,105960225688.145,104326525025.932,0.306233121756716,2310675.0,3.84,2020
LAC,YR2019,2.09604635327805,4849397095732.19,4853709324043.9,,283015298.0,,2019
LAC,YR2020,1.88496399057991,4035270946811.09,4524412872718.69,,263688532.0,,2020
LAO,YR2019,3.32255881256934,18897252232.5826,18491845636.2733,8796.78927953417,3748218.0,2.72,2019
LAO,YR2020,5.10407262959903,19132635711.6957,18584865505.7243,9143.93583986809,3787334.0,2.72,2020
LBN,YR2019,3.0053894939038,51953744507.4091,46777216084.3953,1507.5,2252317.0,4.97,2019
LBN,YR2020,84.8643330472041,31735217784.5445,36736829867.8828,1507.5,2162976.0,5.08,2020
LBR,YR2019,,3319596500.0,3211334057.92828,186.429744551072,2244310.0,,2019
LBR,YR2020,,3201187800.0,3115542651.48219,191.517957643463,2230924.0,13.92,2020
LBY,YR2019,,52091152228.3425,40473930298.8275,1.39826289736928,2318129.0,,2019
LBY,YR2020,,25418916028.8964,27805590095.5454,,2337057.0,4.84,2020
LCA,YR2019,0.53910008997241,2118791555.55556,1995116519.64915,2.7,103907.0,8.71,2019
LCA,YR2020,-1.75541557889809,1616772740.74074,1588638626.64639,2.7,102251.0,8.93,2020
LCN,YR2019,2.37167859363039,5627255688192.68,5596468714863.74,,306923346.0,,2019
LCN,YR2020,1.38042647320283,4725519821856.69,5220250174910.93,,286430152.0,,2020
LDC,YR2019,2.86909425020554,1107362458211.5,1126602114779.77,,419305215.0,,2019
LDC,YR2020,4.72112056742577,1114278182953.05,1134327022988.64,,419016698.0,,2020
LIC,YR2019,2.82510028101748,448440169081.511,476617321590.818,,252708770.0,,2019
LIC,YR2020,5.19771036897651,459729949563.423,479579088858.022,,253388411.0,,2020
LIE,YR2019,,6684443550.01006,,,,,2019
LIE,YR2020,,,,,,,2020
LKA,YR2019,3.52839358231809,83990946939.4651,92119992734.643,178.744925045848,8481217.0,16.38,2019
LKA,YR2020,6.15394508391743,80676681933.978,88832160056.326,185.592557772213,8105653.0,8.84,2020
LMC,YR2019,3.31925372703833,7735772656431.27,7796543762641.46,,1262348634.0,,2019
LMC,YR2020,3.29029062798326,7384772400818.06,7530226915518.91,,1230920288.0,,2020
LMY,YR2019,2.74208015025745,32220208388558.1,32139450441501.1,,2828365418.0,,2019
LMY,YR2020,2.75980947008126,30993151083682.1,31704873343554.1,,2766897745.0,,2020
LSO,YR2019,5.18708359197993,2366213068.57507,2329753748.89367,14.4484270548333,930607.0,7.45,2019
LSO,YR2020,4.97809676252292,1875227642.47384,2105770361.01415,16.4731868743465,917562.0,5.81,2020
LTE,YR2019,2.16176258133052,22958638272110.5,22419881460422.2,,1254445430.0,,2019
LTE,YR2020,1.94031996607178,22433389417760.0,22451720920078.0,,1233963784.0,,2020
LTU,YR2019,2.33450937988024,54697379017.3332,48155059559.2863,,1472298.0,2.55,2019
LTU,YR2020,1.19989444983569,56546957475.4912,48091287110.449,,1478935.0,1.71,2020
LUX,YR2019,1.74332075653843,70195715495.5136,67286460381.3888,,316967.0,2.55,2019
LUX,YR2020,0.819957302126994,73353132793.7076,66091291203.4122,,324616.0,1.71,2020
LVA,YR2019,2.81140920075622,34308783825.3019,30716038078.95,,980734.0,2.55,2019
LVA,YR2020,0.219064904842049,33707320816.3036,29604557971.0212,,979988.0,1.71,2020
MAC,YR2019,2.75193081051976,55204758069.5124,51073940150.1338,8.07047033333333,387113.0,0.0,2019
MAC,YR2020,0.81141051149158,25586111076.3415,23488188941.668,7.98906191666667,387247.0,0.0,2020
MAF,YR2019,,,,,,,2019
MAF,YR2020,,,,,,,2020
MAR,YR2019,0.303386036590361,119870439113.662,112826637548.359,9.61707609950744,12102908.0,4.33,2019
MAR,YR2020,0.705968661338317,114725065285.149,105726171616.036,9.49684732221969,11665214.0,4.33,2020
MCO,YR2019,,7383745662.15157,7080667991.59357,,,,2019
MCO,YR2020,,6816219303.25528,6248493129.06333,,,,2020
MDA,YR2019,4.83778351428719,11970233939.8808,9155458065.71175,17.5734688664875,947265.0,,2019
MDA,YR2020,3.76597122245351,11915547262.6561,8517409875.67267,17.3218352091831,888710.0,2.19,2020
MDG,YR2019,5.61051441492366,14104664514.87,13186360351.4331,3618.32185816072,13864048.0,8.89,2019
MDG,YR2020,4.20179312190553,13056079982.3887,12244773575.743,3787.75405817574,13955337.0,8.27,2020
MDV,YR2019,0.220029731065343,5607762625.14627,5414217823.03808,15.3820419226831,243636.0,13.25,2019
MDV,YR2020,-1.3697742556981,3742769967.42798,3600460152.87054,15.3812695278705,242092.0,11.73,2020
MEA,YR2019,1.04883403678989,3406149805140.73,3378463990503.43,,149287126.0,,2019
MEA,YR2020,0.638544956776653,3035580428041.81,3243739545284.98,,147277223.0,,2020
MEX,YR2019,3.6359614212705,1269433932805.91,1252848919131.02,19.2636333333333,56596004.0,,2019
MEX,YR2020,3.39683415569999,1073915880822.5,1148749268216.83,21.4856083333333,53080123.0,,2020
MHL,YR2019,,239462200.0,212388500.0,,,,2019
MHL,YR2020,,244462400.0,207699800.0,,,,2020
MIC,YR2019,2.70152752564295,31771082836908.0,31663365601529.3,,2575656648.0,,2019
MIC,YR2020,2.58080077182828,30535343464998.6,31226518398513.6,,2513509334.0,,2020
MKD,YR2019,0.766439573459688,12606338448.547,11185489898.549,54.9472,963097.0,3.38,2019
MKD,YR2020,1.20007348888482,12263710122.7645,10602899914.6751,54.144325,908703.0,3.29,2020
MLI,YR2019,-1.65826694846368,17280251193.9527,16028741076.2588,585.911013180369,7153721.0,11.77,2019
MLI,YR2020,0.438088940320712,17465392915.9153,15830713922.9713,575.586004510945,7340643.0,12.27,2020
MLT,YR2019,1.64206001768947,15215714309.0974,13856372628.2222,,265579.0,2.55,2019
MLT,YR2020,0.638544956776653,14647384607.604,12886270020.5634,,280393.0,1.71,2020
MMR,YR2019,8.82506696804562,68697761477.1818,83686992015.6706,1518.25511666667,23819722.0,3.68,2019
MMR,YR2020,,79852046610.9676,86343028344.7377,1381.61916666667,23004175.0,,2020
MNA,YR2019,2.47857885221637,1343535630261.11,1538200834048.04,,114804564.0,,2019
MNA,YR2020,1.77740783806174,1195745981528.4,1484549700027.44,,112408498.0,,2020
MNE,YR2019,0.361563704540798,5542674317.06225,4777636043.80572,0.893215581479226,292291.0,1.51,2019
MNE,YR2020,-0.255655699848551,4769860740.74074,4046328370.4823,0.877475207233012,271654.0,1.74,2020
MNG,YR2019,7.30481597480148,14206359006.8095,14174566299.8985,2663.54139820163,1350058.0,5.03,2019
MNG,YR2020,3.69316922767457,13312981594.573,13528524724.6473,2813.2898353264,1327599.0,5.02,2020
MNP,YR2019,,1182000000.0,1037951515.15152,,,,2019
MNP,YR2020,,,,,,,2020
MOZ,YR2019,2.78110631182942,15384701797.9863,18183590595.087,62.5483333333333,13327075.0,,2019
MOZ,YR2020,3.14169129409215,14019446610.1963,17959222232.3238,69.465,13661543.0,8.94,2020
MRT,YR2019,2.30009262117938,7889662452.16785,7336133809.76738,36.6908333333333,1228417.0,12.55,2019
MRT,YR2020,2.38569488456317,7913680231.1828,7206774163.45007,37.1891666666667,1254313.0,13.21,2020
MUS,YR2019,0.405655190309511,14045808843.221,13471938135.6172,35.4735166666667,609711.0,1.3,2019
MUS,YR2020,2.58080077182828,10920606197.6928,11465335041.3424,39.3469333333333,594823.0,1.18,2020
MWI,YR2019,9.37083605605672,11025357837.607,7477443338.32784,745.540667877372,8137784.0,7.08,2019
MWI,YR2020,8.62551469650552,12182348212.7073,7537262760.22866,749.527493882201,8185630.0,9.46,2020
MYS,YR2019,0.662891865764376,365276282438.141,364693381129.177,4.14246973569731,15885303.0,,2019
MYS,YR2020,-1.13870215393056,337006066373.26,344099347074.638,4.20348194851884,16085580.0,5.65,2020
NAC,YR2019,1.88073954968806,23182723855482.3,21677548659072.5,,187143897.0,,2019
NAC,YR2020,0.975292014307111,22605296107568.4,20908302070966.9,,184230744.0,,2020
NAM,YR2019,3.72239414422688,12496781719.7752,11240759011.0283,14.4486904166667,926695.0,7.26,2019
NAM,YR2020,2.20938236933482,10619194505.3543,10285277742.1275,16.4632666666667,930694.0,6.66,2020
NCL,YR2019,,9438127994.09456,,106.588933804405,134614.0,,2019
NCL,YR2020,,,,104.710608186968,133015.0,,2020
NER,YR2019,-2.48979265070851,12916455161.1081,12212118177.9725,585.911013180369,8592795.0,12.18,2019
NER,YR2020,,13741378450.136,12649312790.6637,575.586004510945,8868172.0,10.55,2020
NGA,YR2019,11.3967949687168,448120428858.769,502942019447.736,306.920951495223,62151626.0,,2019
NGA,YR2020,,432293776262.398,493917966761.433,358.810797258297,62259271.0,12.75,2020
NIC,YR2019,5.3762899084413,12611218627.0632,12991624156.9782,33.121745265284,2981808.0,3.19,2019
NIC,YR2020,3.68181341625573,12621505382.6062,12734736953.8557,34.3421221197024,2948386.0,3.26,2020
NLD,YR2019,2.63369910249593,910194347568.626,839912581383.842,,9451338.0,2.55,2019
NLD,YR2020,1.2724603778917,913865395789.886,808007359760.319,,9490523.0,1.71,2020
NOR,YR2019,2.16773003305405,404941363636.364,406468037614.963,8.8,2834618.0,3.24,2019
NOR,YR2020,1.28658490707998,362198318435.26,403552919293.169,9.41583333333333,2841159.0,3.27,2020
NPL,YR2019,5.56868547784925,34186180694.9285,30605291409.0891,112.609482758621,16795812.0,20.2,2019
NPL,YR2020,5.05236655289216,33657175561.329,29966137023.6247,118.345187275986,16045628.0,12.1,2020
NRU,YR2019,,118724073.809183,89620006.418409,1.43850654421382,,19.51,2019
NRU,YR2020,,114626625.553023,90650121.4347125,1.45308511847016,,17.59,2020
NZL,YR2019,1.61963190184049,212891048340.608,200742824665.702,1.517875,2825542.0,2.01,2019
NZL,YR2020,1.71456170007244,210700848973.509,204482365452.675,1.54205833333333,2877711.0,1.94,2020
OED,YR2019,1.74071267870177,53983129759722.6,51615069476329.7,,678238082.0,,2019
OED,YR2020,0.732851645175872,52392675685741.2,49308318437562.1,,665496934.0,,2020
OMN,YR2019,0.133795057453182,88060858257.4772,83053174485.8283,0.3845,2748207.0,3.27,2019
OMN,YR2020,-0.903874872278535,73971391417.4252,80394695532.9535,0.3845,2651627.0,3.24,2020
OSS,YR2019,1.64206001768947,432772412402.879,402490312631.318,,13788557.0,,2019
OSS,YR2020,1.83388350315186,375853309054.965,381932796736.118,,13821150.0,,2020
PAK,YR2019,10.5783618004555,279056608888.638,322607305056.708,150.036253839864,71659613.0,12.55,2019
PAK,YR2020,9.73999313898131,262610002938.509,319589670093.838,161.838479684718,71809320.0,11.7,2020
PAN,YR2019,-0.355083821021212,66984427150.321,64006593334.0646,1.0,2037201.0,,2019
PAN,YR2020,-1.55027540803759,53977036995.1729,52520697209.2337,1.0,1836789.0,6.19,2020
PER,YR2019,2.25212191358024,228470919605.669,214942684282.182,3.3372655465368,18798564.0,1.27,2019
PER,YR2020,2.00241205759293,202014363787.233,190979128768.533,3.4949411976912,16201831.0,1.14,2020
PHL,YR2019,2.48027858716509,376823278560.849,396224787543.087,51.7957826517333,44679340.0,3.54,2019
PHL,YR2020,2.63522884882108,361489325230.731,358294070260.977,49.6240960026328,41971346.0,3.42,2020
PLW,YR2019,0.267379679144381,274200000.0,265597626.615969,1.0,,21.42,2019
PLW,YR2020,0.218181818181824,257700000.0,239735275.665399,1.0,,6.78,2020
PNG,YR2019,3.92867290939598,24751344552.2057,24719859152.6631,3.38753768145423,2701145.0,11.28,2019
PNG,YR2020,4.87167398565548,24668899683.4299,23854664082.3199,3.45997438644787,2741973.0,4.57,2020
POL,YR2019,2.227478809383,597280564671.563,570115134633.24,3.839375,18096553.0,2.55,2019
POL,YR2020,3.3744697261859,596624355719.671,555630454967.502,3.89974166666667,18047272.0,1.71,2020
PRE,YR2019,2.37758732789788,1407737206758.23,1450630111014.12,,340965647.0,,2019
PRE,YR2020,3.54235668851353,1293147607836.51,1406079106452.5,,344398296.0,,2020
PRI,YR2019,,104914600000.0,96423791493.1329,,1082159.0,,2019
PRI,YR2020,,103138300000.0,92660076632.5087,,1033010.0,,2020
PRK,YR2019,,,,,16931024.0,,2019
PRK,YR2020,,,,,16875219.0,,2020
PRT,YR2019,0.338178410046125,239986922638.902,222272974069.03,,5287840.0,2.55,2019
PRT,YR2020,-0.0124383299576167,228539245045.341,203507675081.482,,5198754.0,1.71,2020
PRY,YR2019,2.7570972756279,37906944074.6128,40676916123.4603,6240.72207844257,3611581.0,8.14,2019
PRY,YR2020,1.7675159235669,35670301496.1061,40446808660.9894,6771.09742519651,3556271.0,7.46,2020
PSE,YR2019,1.58018333639459,17133500000.0,15829000000.0,,1272519.0,,2019
PSE,YR2020,-0.735332001092242,15561300000.0,14015400000.0,,1212102.0,,2020
PSS,YR2019,1.17954334821804,10641343380.1528,10138908192.4612,,917730.0,,2019
PSS,YR2020,,9530487871.90819,9135631621.73305,,927461.0,,2020
PST,YR2019,1.61963190184049,50983772698324.3,48381584694878.9,,567077700.0,,2019
PST,YR2020,0.632267331911676,49594473170967.9,46117510747598.3,,560753311.0,,2020
PYF,YR2019,,,,106.588933804405,121540.0,6.56,2019
PYF,YR2020,,,,104.710608186968,118664.0,6.88,2020
QAT,YR2019,-0.666641124861102,176371267689.082,167371229308.42,3.64,2160943.0,4.13,2019
QAT,YR2020,-2.54031503004763,144411363345.27,161416823761.21,3.64,2174828.0,3.92,2020
ROU,YR2019,3.82785432599428,249881592298.072,217382984916.126,4.237925,9017990.0,2.55,2019
ROU,YR2020,2.63107311184752,248715551366.635,208838846565.924,4.24399166666667,8970817.0,1.71,2020
RUS,YR2019,4.47036660760175,1687448525466.61,1459189098326.43,64.7376583333333,73525633.0,6.86,2019
RUS,YR2020,3.38165937237896,1483497784867.6,1416124431328.3,72.1049083333333,72809444.0,5.01,2020
RWA,YR2019,3.3478765503764,10355974217.3735,11182411389.0747,899.350509,6346049.0,11.64,2019
RWA,YR2020,9.85039902274209,10333991455.5443,10807188692.3483,943.278048166667,6440635.0,11.69,2020
SAS,YR2019,3.6258350328117,3597252024123.45,3431466032627.32,,659848222.0,,2019
SAS,YR2020,5.6910747474621,3386420411905.1,3235660073051.52,,632156754.0,,2020
SAU,YR2019,-2.09333333333333,792966838160.0,678581100842.581,3.75,15145863.0,,2019
SAU,YR2020,3.44545825956691,700117873253.333,650714601909.915,3.75,15991854.0,4.7,2020
SDN,YR2019,50.9940515002971,26155799324.8663,51312429477.3951,45.7670454545455,12569287.0,,2019
SDN,YR2020,150.322723865569,21329109521.8077,49449888025.3069,53.9960119047619,12576579.0,0.0,2020
SEN,YR2019,1.75856517595659,23306213742.3602,22515082954.7144,585.911013180369,4221102.0,12.78,2019
SEN,YR2020,2.54743464570552,24644234594.6566,22852755934.4895,575.586004510945,4258114.0,12.8,2020
SGP,YR2019,0.565260568780358,374386306993.109,348909586848.996,1.36415833333333,3539016.0,1.2,2019
SGP,YR2020,-0.181916666666656,339998477929.985,330099796334.012,1.37974166666667,3446291.0,0.17,2020
SLB,YR2019,1.63485544012242,1570093229.25588,1533613348.9277,8.17339929777839,344571.0,16.85,2019
SLB,YR2020,2.96354992076069,1545888426.23031,1467403272.8451,8.21341290967261,350582.0,11.86,2020
SLE,YR2019,14.8030585681759,4076578542.56207,5076711739.04284,9010.22114400915,2620130.0,,2019
SLE,YR2020,13.4469773031285,4063289449.58795,4976753933.906,9829.92676332375,2666630.0,13.63,2020
SLV,YR2019,0.0753241350024327,26896660000.0,25772439479.5764,1.0,2786916.0,3.37,2019
SLV,YR2020,-0.371590212323993,24638720000.0,23560825996.9743,1.0,2640908.0,3.41,2020
SMR,YR2019,,1616369645.99635,1514041111.68851,0.893215581479226,,,2019
SMR,YR2020,,,,0.877475207233012,,,2020
SOM,YR2019,,6476674591.87348,6900727625.84454,,2817875.0,,2019
SOM,YR2020,,6965285324.52207,7069119938.56364,,2884818.0,,2020
SRB,YR2019,1.8492298451109,51514222381.8428,45615675379.6018,105.249558333333,3204530.0,,2019
SRB,YR2020,1.57553290083409,53335016425.4148,45184791299.441,103.163291666667,3154841.0,,2020
SSA,YR2019,2.78110631182942,1802899488968.81,1833089644759.92,,428103634.0,,2019
SSA,YR2020,3.29029062798326,1704320048486.98,1796341475426.86,,430661634.0,,2020
SSD,YR2019,87.2413641500032,,,157.999166666667,4760595.0,,2019
SSD,YR2020,29.6758435538571,,,165.907316666667,4674628.0,,2020
SSF,YR2019,2.77698537023136,1804482330027.71,1834643244102.56,,428103634.0,,2019
SSF,YR2020,3.54235668851353,1705379934850.61,1797727737804.2,,430661634.0,,2020
SST,YR2019,1.43135598182989,519587425264.176,486912648101.75,,18069910.0,,2019
SST,YR2020,0.615892732568205,451423668844.166,459280768897.804,,17978820.0,,2020
STP,YR2019,,427425039.684339,359752972.346268,21.8847418164689,67694.0,10.0,2019
STP,YR2020,,472914469.91933,370868351.86853,21.5070590993582,67794.0,,2020
SUR,YR2019,,3984483762.37123,5252729241.66594,7.458,238539.0,10.76,2019
SUR,YR2020,34.8929491585684,2884248048.49068,4417127637.77914,9.30954545454546,230203.0,10.76,2020
SVK,YR2019,2.66456133425443,105284375640.698,99048285215.7697,,2750063.0,2.55,2019
SVK,YR2020,1.9369412669422,105172564491.569,94731014312.2407,,2722079.0,1.71,2020
SVN,YR2019,1.63052260754338,54178877605.9999,50249892617.4104,,1029535.0,2.55,2019
SVN,YR2020,-0.0548568157606067,53589609580.7099,48124693310.8877,,1029601.0,1.71,2020
SWE,YR2019,1.78415097403832,533879529188.454,549821281946.735,9.45834916666666,5455406.0,2.55,2019
SWE,YR2020,0.497367318853562,541220059459.25,533611847447.428,9.21030902842085,5489900.0,1.71,2020
SWZ,YR2019,2.59801620311075,4495679480.96886,4401077165.65255,14.4517892288824,363334.0,8.46,2019
SWZ,YR2020,,3972728948.47088,4319634145.18863,16.4702558654325,355218.0,6.91,2020
SXM,YR2019,,,,1.79,,,2019
SXM,YR2020,,,,1.79,,,2020
SYC,YR2019,2.07476436485001,1582841058.89479,1553599342.64266,14.03325,,8.91,2019
SYC,YR2020,8.27685811437228,1059886363.63636,1386262377.34522,17.6165187554113,,1.79,2020
SYR,YR2019,,22777882165.1115,16265870694.9063,,5194844.0,,2019
SYR,YR2020,,,,,5170635.0,8.98,2020
TCA,YR2019,,1197415000.0,1095902844.26329,,,,2019
TCA,YR2020,,924583000.0,802388550.964229,,,,2020
TCD,YR2019,-0.971939175419353,11314951342.7807,10526057266.1328,585.911013180369,5074502.0,,2019
TCD,YR2020,4.46414437232863,10829076801.729,10426343411.4082,575.586004510945,5085739.0,,2020
TEA,YR2019,1.94257500833109,17113644754522.8,16995303639412.5,,1133768584.0,,2019
TEA,YR2020,2.4194218945778,17426659793626.2,17229550948650.0,,1123369276.0,,2020
TEC,YR2019,2.64328192719554,4153453159866.14,4095463099662.97,,211765482.0,,2019
TEC,YR2020,2.68178260302086,3876733319266.95,4022692727957.83,,207550065.0,,2020
TGO,YR2019,0.685897590895539,7220395247.7424,5098275352.1552,585.911013180369,2760567.0,11.83,2019
TGO,YR2020,1.82754038520035,7574636978.66173,5187639195.4239,575.586004510945,2817960.0,11.83,2020
THA,YR2019,0.70672860131428,544263840039.166,460750263751.601,31.0476057805499,38777939.0,,2019
THA,YR2020,-0.845937147357037,501643653514.925,432649179610.326,31.2936732130832,39036695.0,,2020
TJK,YR2019,,8300784856.87904,10943735892.3235,9.53036666666667,2396457.0,,2019
TJK,YR2020,,8194150301.78552,11436203954.5867,10.3219416666667,2421183.0,5.04,2020
TKM,YR2019,,45231428571.4286,45710025776.6731,,1914022.0,,2019
TKM,YR2020,,,,,1921328.0,,2020
TLA,YR2019,2.09163862244912,5376512716922.1,5369907031287.5,,300083531.0,,2019
TLA,YR2020,1.7675159235669,4478206456171.96,5012339990419.74,,279907858.0,,2020
TLS,YR2019,0.958812739703201,2047931700.0,1896767581.03646,1.0,545590.0,,2019
TLS,YR2020,,1902156800.0,2093497568.69774,1.0,555034.0,2.52,2020
TMN,YR2019,3.0053894939038,1326402130261.11,1522371834048.04,,113532045.0,,2019
TMN,YR2020,2.09626938944794,1180179221398.0,1470547924143.79,,111196396.0,,2020
TON,YR2019,1.17954334821804,512350059.421629,486181549.588749,2.28948563032632,31687.0,,2019
TON,YR2020,-0.349737696727454,488829964.070819,489364573.366461,2.29956150787889,31897.0,9.73,2020
TSA,YR2019,3.6258350328117,3597252024123.45,3431466032627.32,,659848222.0,,2019
TSA,YR2020,5.6910747474621,3386420411905.1,3235660073051.52,,632156754.0,,2020
TSS,YR2019,2.77698537023136,1804482330027.71,1834643244102.56,,428103634.0,,2019
TSS,YR2020,3.54235668851353,1705379934850.61,1797727737804.2,,430661634.0,,2020
TTO,YR2019,1.00054293027224,23208326547.5327,22587789317.2434,6.7543266828632,657766.0,,2019
TTO,YR2020,0.598986330824747,21588037504.9992,20813757908.5789,6.75105268711505,634920.0,,2020
TUN,YR2019,6.72007532863804,41804581484.3655,49199153585.8047,2.93443333333333,4155002.0,,2019
TUN,YR2020,5.63415115897623,41620349986.3089,44681503990.4623,2.81235833333333,4115538.0,,2020
TUR,YR2019,15.1768215720023,761004425605.414,997437115405.82,5.67381930843574,33420003.0,3.67,2019
TUR,YR2020,12.2789574462574,719954821683.31,1015326662715.27,7.00860541558522,31624253.0,3.61,2020
TUV,YR2019,,47271463.3298575,42824596.8653884,,,,2019
TUV,YR2020,,48855550.2030142,44708879.1274654,,,,2020
TZA,YR2019,3.46428057999023,61136873692.3985,60318543760.5445,2288.20666666667,27312036.0,12.15,2019
TZA,YR2020,3.29029062798326,62409709110.9538,61522709091.989,2294.14615050509,28002234.0,12.23,2020
UGA,YR2019,2.86909425020554,35353060634.2022,39600047203.8644,3704.04907169681,16480192.0,12.41,2019
UGA,YR2020,3.7944227490438,37600368180.9399,40768765939.9399,3718.24892270924,16497309.0,13.24,2020
UKR,YR2019,7.8867174561113,153882982016.281,101944109453.562,25.8455893333333,21013649.0,4.31,2019
UKR,YR2020,2.7324920941942,155498989149.587,97866338856.1037,26.9575243833333,20425900.0,2.16,2020
UMC,YR2019,2.09604635327805,24035310180476.7,23866821838887.8,,1313308015.0,,2019
UMC,YR2020,1.71997844606226,23150665555175.7,23696596108154.9,,1282589046.0,,2020
URY,YR2019,7.88198870879622,61231149880.5857,55513344382.0673,35.255375,1744635.0,9.94,2019
URY,YR2020,9.75640636078191,53628827440.3582,52260972281.8054,42.0132916666667,1686696.0,9.93,2020
USA,YR2019,1.81221007526015,21433224697000.0,19974534312000.0,1.0,166355636.0,8.7,2019
USA,YR2020,1.23358439630637,20953030000000.0,19294483000000.0,1.0,163738061.0,2.87,2020
UZB,YR2019,,59907674027.4676,106161435002.412,8836.7875,14178358.0,,2019
UZB,YR2020,,59929951114.3598,107981860052.519,10054.2613341653,14047009.0,6.21,2020
VCT,YR2019,0.913069725324485,825040740.740741,798469518.407039,2.7,55720.0,8.98,2019
VCT,YR2020,-0.628131309354661,807474074.074074,772496631.164621,2.7,54945.0,9.23,2020
VEN,YR2019,,,,,10920757.0,11.9,2019
VEN,YR2020,,,,,10459875.0,14.44,2020
VGB,YR2019,,,,,,,2019
VGB,YR2020,,,,,,,2020
VIR,YR2019,,4068000000.0,3835985859.12487,,43417.0,,2019
VIR,YR2020,,,,,42978.0,,2020
VNM,YR2019,2.79582367452244,261921244843.172,251208952743.671,23050.2416666667,55898817.0,5.68,2019
VNM,YR2020,3.22093436652514,271158442448.537,258508671883.214,23208.3683333333,55885220.0,5.56,2020
VUT,YR2019,2.76252019386107,934521604.602009,869804185.719708,114.7325,127385.0,,2019
VUT,YR2020,,881547928.58381,810535805.63569,115.38,129865.0,11.84,2020
WLD,YR2019,2.20607305781522,87568054407493.1,84612027798062.6,,3456104020.0,,2019
WLD,YR2020,1.89035916824198,84746979120044.5,81825333540230.3,,3388387458.0,,2020
WSM,YR2019,0.982326569888142,852007112.724637,887495263.360233,2.64882632186605,53065.0,,2019
WSM,YR2020,-1.568912477409,807100820.648132,864485987.503765,2.66496084519696,53478.0,11.92,2020
XKX,YR2019,2.67599202639892,7899879086.43081,7547420630.10043,0.893215581479226,,,2019
XKX,YR2020,0.198227922994858,7716925356.12536,7144367590.23064,0.877475207233012,,,2020
YEM,YR2019,,,,490.9725,6580962.0,,2019
YEM,YR2020,,,,740.5,6709734.0,,2020
ZAF,YR2019,4.12435072486239,387934574098.17,358712444718.331,14.4484270548333,22989511.0,8.37,2019
ZAF,YR2020,3.22388504206686,335442101366.417,335640150576.122,16.4591053903333,21345809.0,7.11,2020
ZMB,YR2019,9.15031644316299,23308667781.2258,24089861649.0155,12.89,7348517.0,,2019
ZMB,YR2020,15.7325851421273,18110631358.3114,23418945736.8993,18.3440926453379,7551931.0,11.65,2020
ZWE,YR2019,255.304990757856,19284289739.0517,20720841373.1335,,7156060.0,,2019
ZWE,YR2020,557.20181736205,18051170798.941,19426048165.877,51.3290131226287,7204228.0,,2020
